LEGAL_NAME,FIRST_TRADING_NAME,OTHER_NAMES,PROVADDRESS,PROVTEL,PROVURL,PUBUKPRN,UKPRN,COUNTRY,PUBUKPRNCOUNTRY,QAA_Report_Type,QAA_URL,SUURL,SUURLW
Health Sciences University,,,"13-15, Parkwood Road, Bournemouth, BH5 2DF",01202 436200,www.aecc.ac.uk,10000163,10000163,XF,XF,,,https://www.hsu.ac.uk/student-life/students-union/,
All Nations Christian College Limited,All Nations Christian College,,"Easneye, Ware, Hertfordshire, SG12 8LX",01920 443500,www.allnations.ac.uk,10000216,10000216,XF,XF,,,https://www.allnations.ac.uk/about-us/our-learning/community-life,
Anglia Ruskin University,,,"Bishop Hall Lane, Chelmsford, CM1 1SQ",01245 493131,www.anglia.ac.uk,10000291,10000291,XF,XF,,,https://www.angliastudent.com,
Arts Educational Schools(The),Arts Educational Schools,,"Cone Ripman House, 14 Bath Road, Chiswick , London, W4 1LY",020 8987 6600,https://artsed.co.uk,10000381,10000381,XF,XF,,,https://artsed.co.uk/students/student-union,
"Arts University Bournemouth, the",The Arts University Bournemouth,,"7, Fern Barrow, Poole, Dorset, BH12 5HH",01202 533011,www.aub.ac.uk,10000385,10000385,XF,XF,,,http://www.aubsu.co.uk/,
Askham Bryan College,,,"Askham Bryan, York, YO23 3FR",01904 772277,www.askham-bryan.ac.uk,10000415,10000415,XF,XF,,,https://www.askham-bryan.ac.uk/student-life-ucab/,
Barking and Dagenham College,,,"Dagenham Road, Romford, RM7 0XU",020 8090 3020,www.barkingdagenhamcollege.ac.uk,10000528,10007146,XF,XF,,,,
Barnet & Southgate College,,,"Wood Street, Barnet, Hertfordshire, EN5 4AZ",020 8200 8300,www.barnetsouthgate.ac.uk,10000533,10000533,XF,XF,,,https://www.barnetsouthgate.ac.uk/higher-education-courses,
Barnsley College,,,"Church Street, Barnsley, S70 2AX",01226 216816,www.barnsley.ac.uk,10000536,10000536,XF,XF,,,https://www.barnsley.ac.uk/student-life,
Basingstoke College of Technology,,,"Worting Road, Basingstoke, Hampshire, RG21 8TN",01256 354141,www.bcot.ac.uk,10000560,10007802,XF,XF,,,https://readingsu.co.uk/,
Bath Spa University,,,"Newton Park, Newton St. Loe, Bath, BA2 9BN",01225 875875,www.bathspa.ac.uk,10000571,10000571,XF,XF,,,http://www.bathspasu.co.uk/,
University College Birmingham,,,"Summer Row, Birmingham, B3 1JB",01216 041000,www.ucb.ac.uk,10000712,10000712,XF,XF,,,https://www.ucbguild.co.uk/,
Bishop Auckland College,,,"Woodhouse Lane, Bishop Auckland, County Durham, DL14 6JZ",01388 443000,www.bacoll.ac.uk,10000720,10000720,XF,XF,,,https://bacoll.ac.uk/HE,
Bishop Burton College,,,"York Road, Bishop Burton, Beverley, HU17 8QG",01964 553000,www.bishopburton.ac.uk,10000721,10000721,XF,XF,,,https://www.bishopburton.ac.uk/student-life/student-association,
Blackburn College,,,"Feilden Street, Blackburn, BB2 1LH",01254 292929,www.blackburn.ac.uk,10000747,10000747,XF,XF,,,https://blackburn.ac.uk/study/university-centre-blackburn-college/life-at-university,
Blackpool and the Fylde College,,,"Ashfield Road, Blackpool, FY2 0HB",01253 352352,www.blackpool.ac.uk,10000754,10000754,XF,XF,,,https://www.studentsunionblackpool.co.uk/,
Bolton College,,,"Deane Road Campus, Deane Road, Bolton, BL3 5BG",01204 482000,www.boltoncollege.ac.uk,10000794,10006841,XF,XF,,,http://www.boltonsu.com/,
Boston College,,,"Skirbeck Road, Boston, PE21 6JF",01205 365701,www.boston.ac.uk,10000812,10000812,XF,XF,,,http://www.boston.ac.uk/students/Pages/Experience-College.aspx,
"Bournemouth and Poole College, the",The Bournemouth and Poole College,,"North Road, Poole, Dorset, BH14 0LS",01202 205205,www.thecollege.co.uk,10000820,10000385,XF,XF,,,http://www.aubsu.co.uk/,
Bournemouth University,,,"Poole House, Talbot Campus, Fern Barrow, Poole, Dorset, BH12 5BB",01202 524111,www.bournemouth.ac.uk,10000824,10000824,XF,XF,,,http://www.subu.org.uk/,
Bradford College,,,"Bradford Campus, Great Horton Road, Bradford, West Yorkshire, BD7 1AY",01274 433333,www.bradfordcollege.ac.uk,10000840,10000840,XF,XF,,,https://www.bradfordcollege.ac.uk/support/students/students-union/,
Bradford College,,,"Bradford Campus, Great Horton Road, Bradford, West Yorkshire, BD7 1AY",01274 433333,www.bradfordcollege.ac.uk,10000840,10003863,XF,XF,,,https://www.leedstrinity.ac.uk/student-life/students-union/,
University Centre Somerset College Group,,,"Bath Road, Bridgwater, Somerset, TA6 4PZ",01278 455464,www.bridgwater.ac.uk,10000878,10000878,XF,XF,,,http://www.bridgwater.ac.uk/collegeinformation.php?category=84&page=85,
University of Brighton,,,"Mithras House, Lewes Road, Brighton, BN2 4AT",01273 600900,www.brighton.ac.uk,10000886,10000886,XF,XF,,,http://www.brightonsu.com/,
Bristol Baptist College,,,"Duncan House, The Promenade Clifton Down, Bristol, BS8 3NJ",0117 946 7050,www.bristol-baptist.ac.uk,10000894,10000894,XF,XF,,,http://www.nus.org.uk,
Brockenhurst College,,,"Lyndhurst Road, Brockenhurst, Hampshire, SO42 7ZE",01590 625555,www.brock.ac.uk,10000944,10000944,XF,XF,,,https://www.brock.ac.uk/sixth-form/social-hub-page/,
London South East Colleges,,,"Rookery Lane, Bromley, BR2 8HE",020 8295 7000,www.lsec.ac.uk,10000948,10000948,XF,XF,,,https://www.lsec.ac.uk/your-college/extra-curricular/students-union,
London South East Colleges,,,"Rookery Lane, Bromley, BR2 8HE",020 8295 7000,www.lsec.ac.uk,10000948,10007146,XF,XF,,,,
Brooklands College,Brooklands Technical College,,"Heath Road, Weybridge, Surrey, KT13 8TT",01932 797700,www.brooklands.ac.uk,10000950,10000950,XF,XF,,,https://www.brooklands.ac.uk/college-life/student-services/student-union/,
Brunel University London,Brunel University of London,,"Kingston Lane, Uxbridge, Middlesex, UB8 3PH",01895 265189,www.brunel.ac.uk,10000961,10000961,XF,XF,,,https://brunelstudents.com/,
Buckinghamshire New University,,,"High Wycombe Campus, Queen Alexandra Road, High Wycombe, Buckinghamshire, HP11 2JZ",01494 522141,www.bucks.ac.uk,10000975,10000975,XF,XF,,,http://www.bucksstudentsunion.org/,
Burnley College,,,"Princess Way, Burnley, Lancashire, BB12 0AN",01282 733373,www.burnley.ac.uk,10001000,10001000,XF,XF,,,http://www.burnley.ac.uk/uclan/Student-Union,
Burton and South Derbyshire College,,,"Lichfield Street, Burton-On-Trent, Staffordshire, DE14 3RL",01283 494400,www.bsdc.ac.uk,10001004,10001004,XF,XF,,,https://www.bsdc.ac.uk/student-life,
Burton and South Derbyshire College,,,"Lichfield Street, Burton-On-Trent, Staffordshire, DE14 3RL",01283 494400,www.bsdc.ac.uk,10001004,10006299,XF,XF,,,https://www.staffsunion.com/,
Bury College,,,"Woodbury Centre, Market Street, Bury, Lancashire, BL9 0BG",0161 280 8280,www.burycollege.ac.uk,10001005,10001005,XF,XF,,,https://burycollege.ac.uk/university-centre/student-experience,
Calderdale College,,,"Francis Street, Halifax, West Yorkshire, HX1 3UZ",01422 357357,www.calderdale.ac.uk,10001093,10001093,XF,XF,,,https://www.calderdale.ac.uk/,
Canterbury Christ Church University,,,"North Holmes Road, Canterbury, Kent, CT1 1QU",01227 767700,www.canterbury.ac.uk,10001143,10001143,XF,XF,,,https://ccsu.co.uk/,
Capel Manor College,,,"Bullsmoor Lane, Enfield, Middlesex, EN1 4RQ",0303 003 1234,www.capel.ac.uk,10001148,10005545,XF,XF,,,https://www.rau.ac.uk/student-life/social/students-union,
Cardinal Newman College,,,"Larkhill Road, Preston, PR1 4HD",01772 460181,www.cardinalnewman.ac.uk,10001165,10001165,XF,XF,,,https://www.cardinalnewman.ac.uk/university-courses/all-he-courses-1,
Cardinal Newman College,,,"Larkhill Road, Preston, PR1 4HD",01772 460181,www.cardinalnewman.ac.uk,10001165,10007768,XF,XF,,,https://portal.lancaster.ac.uk/ask/students-union/,
Central School of Ballet Charitable Trust Limited(The),,,"The Countess Of Wessex Studios, 21/22 Hatfields, Paris Garden, London, SE1 8DJ",020 7837 6332,www.centralschoolofballet.co.uk,10001264,10001264,XF,XF,,,http://www.nus.org.uk,
University of Northumbria at Newcastle,,,"Ellison Building, Ellison Place, Newcastle Upon Tyne, NE1 8ST",01912 326002,www.northumbria.ac.uk,10001282,10001282,XF,XF,,,https://www.mynsu.co.uk/,
Chesterfield College,,,"Infirmary Road, Chesterfield, Derbyshire, S41 7NG",01246 500500,www.chesterfield.ac.uk,10001378,10001378,XF,XF,,,https://www.chesterfield.ac.uk/study-with-us/university-level-study/,
The Chicken Shed theatre Trust,Chicken Shed Theatre Company,,"290, Chase Side, London, N14 4PE",020 8351 6161,www.chickenshed.org.uk,10001386,10001386,XF,XF,,,http://www.chickenshed.org.uk,
National Centre for Circus Arts,,,"Coronet Street, London, N1 6HD",020 7613 8203,nationalcircus.org.uk ,10001444,10001444,XF,XF,,,http://www.nus.org.uk,
Bath College,,,"Avon Street, Bath, BA1 1UP",01225 312191,www.bathcollege.ac.uk,10001465,10001465,XF,XF,,,http://www.bathcollege.ac.uk/college-life/students-union,
City of Bristol College,,,"St. Georges Road, Bristol, BS1 5UA",01173 125000,www.cityofbristol.ac.uk,10001467,10001467,XF,XF,,,https://cobcsu.unioncloud.org/,
City of Sunderland College,,,"Bede Centre, Durham Road, Sunderland, SR3 4AH",0191 511 6000,www.sunderlandcollege.ac.uk/,10001475,10001475,XF,XF,,,https://sunderlandcollege.ac.uk/experience/expert-friendly-support/student-union/,
"City St George's, University of London",,,"Northampton Square, London, EC1V 0HB",02070403434 ,www.city.ac.uk,10001478,10001478,XF,XF,,,https://www.csgsu.co.uk/,
The Northern School of Art,,,"Church Street, Hartlepool, TS24 7DR",01429422000,http://northernart.ac.uk,10001503,10001503,XF,XF,,,https://northernart.ac.uk/study-with-us/hartlepool-campus/supporting-you/students-union/,
Colchester Institute,,,"Sheepen Road, Colchester, CO3 3LL",01206 712000,www.colchester.ac.uk,10001535,10001535,XF,XF,,,http://www.colchester.ac.uk/students/students-union/,
The College of Integrated Chinese Medicine,College of Integrated Chinese Medicine,,"19-21, Castle Street, Reading, RG1 7SB",0118 950 8880,www.acupuncturecollege.org.uk,10001546,10001546,XF,XF,,,http://www.acupuncturecollege.org.uk/,
Cornwall College,,,"John Keay House, Tregonissey Road, St. Austell, Cornwall, PL25 4DJ",03301 232523,www.cornwall.ac.uk,10001696,10001696,XF,XF,,,https://www.cornwall.ac.uk/student-support/students-union/,
Coventry University,,,"Priory Street, Coventry, CV1 5FB",024 7688 7688,www.coventry.ac.uk,10001726,10001726,XF,XF,,,https://www.yoursu.org/location/,
Craven College,,,"Aireville Campus, Gargrave Road, Skipton, North Yorkshire, BD23 1US",01756 791411,www.craven-college.ac.uk,10001743,10001743,XF,XF,,,https://www.craven-college.ac.uk/student-life/,
Croydon College,,,"Fairfield, College Road, Croydon, CR9 1DX",020 8686 5700,www.croydon.ac.uk,10001778,10007843,XF,XF,,,http://www.stmaryssu.co.uk/,
Darlington College,,,"Central Park, Haughton Road, Darlington, County Durham, DL1 1DR",01325 503030,www.darlington.ac.uk,10001850,10007161,XF,XF,,,http://www.tees-su.org.uk/,
De Montfort University,,,"The Gateway, Leicester, LE1 9BH",0116 207 8456,www.dmu.ac.uk,10001883,10001883,XF,XF,,,https://www.demontfortsu.com/,
Dcg,Derby College Group,,"Roundhouse Road, Pride Park, Derby, DE24 8JE",0300 123 7890,www.derby-college.ac.uk,10001919,10001919,XF,XF,,,https://www.derby-college.ac.uk/student-support/students-union-2/,
Doreen Bird College of Performing Arts Ltd.,,,"27, Station Road, Sidcup, Kent, DA15 7EB",020 8300 6004,www.birdcollege.co.uk,10002011,10007146,XF,XF,,,,
Drama Studio London Limited,,,"1, Grange Road, London, W5 5QN",020 8579 3897,www.dramastudiolondon.co.uk,10002029,10006566,XF,XF,,,http://www.uwlsu.com,
"Ealing, Hammersmith & West London College",West London College,,"Gliddon Road, London, W14 9BL",0208 231 6132,www.wlc.ac.uk,10002094,10002094,XF,XF,,,https://www.wlc.ac.uk/student-life/student-union,
The Windsor Forest Colleges Group,,,"Station Road, Langley, Berkshire, SL3 8BY",01753 793000,,10002107,10002107,XF,XF,,,https://www.windsor-forest.ac.uk/,
East Durham College,,,"Peterlee Campus, Willerby Grove, Peterlee, SR8 2RN",01915 182000,www.eastdurham.ac.uk,10002111,10007159,XF,XF,,,http://www.sunderlandsu.co.uk/,
East Surrey College,Orbital South Colleges,John Ruskin College,"Gatton Point, London Road, Redhill, Surrey, RH1 2JX",01737 772611,www.esc.ac.uk,10002130,10002130,XF,XF,,,https://www.esc.ac.uk/about-esc/student-union,
Escp Europe-Business School,ESCP - EAP European School Of Management,,"527, Finchley Road, London, NW3 7BG",020 7443 8800,www.escpeurope.eu,10002313,10002313,XF,XF,,,https://campuslife.escp.eu/agora/home,
Exeter College,,,"Hele Road, Exeter, EX4 4JS",01392 400170,www.exe-coll.ac.uk,10002370,10002370,XF,XF,,,https://exe-coll.ac.uk/university-level/,
Farnborough College of Technology,,,"Boundary Road, Farnborough, Hampshire, GU14 6SB",01252 407040,www.farn-ct.ac.uk,10002412,10002412,XF,XF,,,https://www.ucfarnborough.ac.uk/student-life/finance/,
Furness College,,,"Channelside, Barrow-In-Furness, Cumbria, LA14 2PJ",01229 825017,www.furness.ac.uk,10002599,10002599,XF,XF,,,https://www.furness.ac.uk/being-a-student/students-union/,
Glasgow School of Art.,,,"167, Renfrew Street, Glasgow, G3 6RQ",0141 353 4500,www.gsa.ac.uk,10002681,10002681,XH,XH,,,https://www.thegsasa.com/,
Gloucestershire College,,,"Llanthony Road, Gloucester, GL2 5JQ",0345 155 2020,www.gloscol.ac.uk,10002696,10002696,XF,XF,,,https://www.totum.com/,
Goldsmiths' College,"Goldsmiths, University of London",South East London Teaching Partnership,"Goldsmiths College 8, Lewisham Way, London, SE14 6NW",020 7919 7171,www.gold.ac.uk,10002718,10002718,XF,XF,,,http://www.goldsmithssu.org/,
Grantham College,,,"Stonebridge Road, Grantham, Lincolnshire, NG31 9AP",01476 400200,www.grantham.ac.uk,10002743,10002743,XF,XF,,,http://www.grantham.ac.uk/student-life/,
Halesowen College,,,"Whittingham Road, Halesowen, West Midlands, B63 3NA",01216 027777 ,www.halesowen.ac.uk,10002852,10002852,XF,XF,,,https://www.halesowen.ac.uk/learners/student-union/,
Halesowen College,,,"Whittingham Road, Halesowen, West Midlands, B63 3NA",01216 027777 ,www.halesowen.ac.uk,10002852,10007139,XF,XF,,,http://www.worcsu.com,
Riverside College,Riverside College Halton,Cronton Sixth Form College,"Kingsway, Widnes, Cheshire, WA8 7QQ",01512 572800,www.riverside.ac.uk,10002863,10002863,XF,XF,,,https://www.riversidecollege.ac.uk/higher-education/he-student-support/,
Hartlepool College of Further Education,,,"Stockton Street, Hartlepool, Cleveland, TS24 7NT",01429 295000,www.hartlepoolfe.ac.uk,10002917,10007161,XF,XF,,,http://www.tees-su.org.uk/,
East Sussex College Group,EAST SUSSEX COLLEGE,,"Cross Levels Way, Eastbourne, East Sussex, BN21 2UF",030 300 39300,www.escg.ac.uk,10002923,10002923,XF,XF,,,https://adult.escg.ac.uk/degree-level/student-support/,
Coventry College,,,"50 Swanswell Street, Coventry, CV1 5DG",02476 932932,,10003010,10003010,XF,XF,,,https://www.coventrycollege.ac.uk/student-societies/students-union/,
Hereford College of Arts,,,"Folly Lane, Hereford, HR1 1LT",01432 273359,www.hca.ac.uk,10003022,10003022,XF,XF,,,https://www.hca.ac.uk/life-at-hca/student-union,
"Herefordshire, Ludlow, and North Shropshire College",,,"Folly Lane, Hereford, HR1 1LS",0800 032 1986,https://hlnsc.ac.uk/,10003023,10003023,XF,XF,,,https://hlnsc.ac.uk/student-services/,
Hertford Regional College,,,"London Road, Ware, Hertfordshire, SG12 9JF",01992 411400,www.hrc.ac.uk,10003035,10003035,XF,XF,,,,
Holy Cross College,,,"Manchester Road, Bury, Lancashire, BL9 9BB",01617 624500,www.holycross.ac.uk,10003128,10003128,XF,XF,,,http://www.hopesu.com/,
Hopwood Hall College,,,"Middleton Campus, Rochdale Road, Middleton, Manchester, M24 6XH",01616 437560,www.hopwood.ac.uk,10003146,10003146,XF,XF,,,http://www.hopwood.ac.uk/19-plus-students/higher-education,
Hugh Baird College,,,"Balliol Road, Bootle, Merseyside, L20 7EW",0151 353 4444,www.hughbaird.ac.uk,10003193,10003193,XF,XF,,,http://www.nus.org.uk/en/,
Hull College,Hull College Group,,"Queens Gardens Site, Wilberforce Drive, Hull, HU1 3DG",01482 329943,www.hull-college.ac.uk,10003200,10003200,XF,XF,,,https://www.hull-college.ac.uk/,
Hult International Business School Ltd,Hult,Ashridge###Ashridge Executive Education###Ashridge Business School,"33, Commercial Road, London, E1 1LD",020 7636 5667,,10003212,10003212,XF,XF,,,https://www.instagram.com/hsa_london/,
Icon College of Technology and Management Ltd,ICON College of Technology & Management,,"Unit 21-23, 1-13, Adler Street, London, E1 1EG",020 7377 2800,www.iconcollege.com,10003239,10003239,XF,XF,,,https://www.iconcollege.ac.uk/Page/70,
"Imperial College of Science, Technology and Medicine",Imperial College London,,"Faculty Building, Exhibition Road, London, SW7 2AZ",020 7589 5111,www.imperial.ac.uk,10003270,10003270,XF,XF,,,https://www.imperialcollegeunion.org/,
Inchbald School of Design,,,"7, Eaton Gate, London, SW1W 9BA",020 7730 5508,www.inchbald.co.uk,10003284,10003284,XF,XF,,,https://www.wrexham.ac.uk/student-life/students-union,
Ipp Education Limited,The Chartered Institute of Payroll Professionals,,"Goldfinger House 245, Cranmore Boulevard, Shirley, Solihull, West Midlands, B90 4ZL",0121 712 1000,,10003336,10007977,XF,XF,,,http://www.howcollege.ac.uk,
Kendal College,,,"Milnthorpe Road, Kendal, Cumbria, LA9 5AY",01539 814700,www.kendal.ac.uk,10003558,10003558,XF,XF,,,http://www.uclansu.co.uk/,
University of Winchester,,,"Sparkford Road, Winchester, Hampshire, SO22 4NR",01962 841515,www.winchester.ac.uk,10003614,10003614,XF,XF,,,https://www.winchester.ac.uk/accommodation-and-winchester-life/student-life/winchester-student-union/,
King's College London,,,"James Clerk Maxwell Building 57, Waterloo Road, London, SE1 8WA",020 7836 5454,www.kcl.ac.uk,10003645,10003645,XF,XF,,,http://www.kclsu.org,
South Thames Colleges Group,,,"Kingston Hall Road, Kingston Upon Thames, Surrey, KT1 2AQ",020 8546 2151,www.stcg.ac.uk,10003674,10003674,XF,XF,,,https://stcg.ac.uk/students/student-life,
Kingston University,,,"Holmwood House, Grove Crescent, Kingston Upon Thames, KT1 2EE",020 8417 9000,www.kingston.ac.uk,10003678,10003678,XF,XF,,,https://www.kingstonstudents.net/,
Laine Theatre Arts Limited,,,"The Studios, East Street, Epsom, Surrey, KT17 1HH",01372 724648,,10003746,10003746,XF,XF,,,,
Lamda Limited,London Academy of Music and Dramatic Arts,,"155, Talgarth Road, London, W14 9DA",020 8834 0500,www.lamda.org.uk,10003758,10003758,XF,XF,,,https://www.instagram.com/lamdasu/,
Le Cordon Bleu Limited,,,"15, Bloomsbury Square, London, WC1A 2LS",020 7400 3900,www.cordonbleu.edu,10003798,10003798,XF,XF,,,https://www.cordonbleu.edu/london/home/en,
Leeds Arts University,,,"Blenheim Walk, Leeds, LS2 9AQ",01132 028000,www.leeds-art.ac.uk,10003854,10003854,XF,XF,,,https://www.leeds-art.ac.uk/life-in-leeds/students-union,
Leeds Beckett University,,,"Rose Bowl, Portland Way, Leeds, LS1 3HE",01138 120000,www.leedsbeckett.ac.uk,10003861,10003861,XF,XF,,,http://www.leedsbeckettsu.co.uk/,
Leeds Trinity University,,,"Brownberrie Lane, Horsforth, Leeds, LS18 5HD",01132 837100,www.leedstrinity.ac.uk,10003863,10003863,XF,XF,,,https://www.leedstrinity.ac.uk/student-life/students-union/,
Leicester College,,,"Freemen's Park Campus, Welford Road, Leicester, LE2 7LW",01162 242240,www.leicestercollege.ac.uk,10003867,10001883,XF,XF,,,https://www.demontfortsu.com/,
Leicester College,,,"Freemen's Park Campus, Welford Road, Leicester, LE2 7LW",01162 242240,www.leicestercollege.ac.uk,10003867,10003867,XF,XF,,,https://leicestercollege.ac.uk/student-information,
Lincoln College,,,"Monks Road, Lincoln, LN2 5HQ",01522 876000,www.lincolncollege.ac.uk,10003928,10003928,XF,XF,,,,
The Liverpool Institute for Performing Arts,LIPA,,"Mount Street, Liverpool, L1 9HF",0151 330 3000,www.lipa.ac.uk,10003945,10003945,XF,XF,,,https://lipa.ac.uk/why-lipa/student-support/student-voice/,
The City of Liverpool College,,,"Roscoe Street, Liverpool, L1 9DW",01512523359,www.liv-coll.ac.uk,10003955,10003955,XF,XF,,,https://www.liv-coll.ac.uk/personal-development/student-union/,
Liverpool Hope University,,,"Hope Park, Taggart Avenue, Liverpool, L16 9JD",01512 913000,www.hope.ac.uk,10003956,10003956,XF,XF,,,http://www.hopesu.com/,
Liverpool John Moores University,,,"Student Life Building, 10 Copperas Hill, Liverpool, L3 5AH",01512 312121,www.ljmu.ac.uk,10003957,10003957,XF,XF,,,http://www.jmsu.co.uk,
Contemporary Dance Trust Limited,The Place,,"The Place Theatre 17, Duke's Road, London, WC1H 9PY",020 7121 1111,,10004028,10004028,XF,XF,,,https://www.nus.org.uk,
The Film Education Training Trust Limited,London Film Academy,,"52a, Walham Grove, London, SW6 1QR",020 7386 7711,www.londonfilmacademy.com,10004035,10004035,XF,XF,,,https://www.derbyunion.co.uk/,
London Metropolitan University,,,"166-220, Holloway Road, London, N7 8DB",020 7423 0000 ,www.londonmet.ac.uk,10004048,10004048,XF,XF,,,http://www.londonmetsu.org.uk/,
Bloomsbury Institute Limited,Bloomsbury Institute,,"7 Bedford Square, London, WC1B 3RA",020 7078 8840,www.bil.ac.uk,10004061,10004061,XF,XF,,,http://www.bil-guild.org/,
The London School of Economics and Political Science,,,"Houghton Street, London, WC2A 2AE",020 7955 7895,www.lse.ac.uk,10004063,10004063,XF,XF,,,https://www.lsesu.com,
London School of Theology,,,"Green Lane, Northwood, HA6 2UW",01923 456000,www.lst.ac.uk,10004075,10004075,XF,XF,,,https://www.nus.org.uk/,
London South Bank University,,,"103, Borough Road, London, SE1 0AA",020 7815 7815,www.lsbu.ac.uk,10004078,10004078,XF,XF,,,http://www.lsbu.ac.uk/student-life/students-union,
London Studio Centre Limited,London Studio Centre,,"5, Nether Street, London, N12 0GA",020 7837 7741,www.londonstudiocentre.org,10004079,10004079,XF,XF,,,https://www.nus.org.uk/,
Loughborough College,,,"Radmoor Road, Loughborough, Leicestershire, LE11 3BT",01509 618375,www.loucoll.ac.uk,10004112,10004112,XF,XF,,,http://www.lsu.co.uk,
Loughborough University,,,"Loughborough, Leicestershire, LE11 3TU",01509 263171,www.lboro.ac.uk,10004113,10004113,XF,XF,,,http://www.lsu.co.uk/,
East Coast College,,,"St. Peters Street, Lowestoft, Suffolk, NR32 2NB",01502 583521,https://www.eastcoast.ac.uk/,10004116,10014001,XF,XF,,,http://www.uosunion.org/,
The Growth Company Limited,,,"Lee House 90, Great Bridgewater Street, Manchester, M1 5JW",0161 233 2656,https://www.gceducationandskills.ac.uk/,10004177,10006841,XF,XF,,,http://www.boltonsu.com/,
Manchester Metropolitan University,,,"Ormond Building, Lower Ormond Street, Manchester, M15 6BX",01612 472000,www.mmu.ac.uk,10004180,10004180,XF,XF,,,https://www.theunionmmu.org/,
The Metanoia Institute,,,"13, North Common Road, London, W5 2QB",020 8579 2505,www.metanoia.ac.uk,10004320,10004320,XF,XF,,,http://www.metanoia.ac.uk/about/student-charter/,
Mid-Kent College,MidKent College,,"Medway Road, Gillingham, Kent, ME7 1FN",01634 383000,www.midkent.ac.uk,10004340,10004340,XF,XF,,,https://www.midkent.ac.uk/help-advice/higher-education,
Middlesbrough College,,,"Dock Street, Middlesbrough, Cleveland, TS2 1AD",01642 333300,www.mbro.ac.uk,10004344,10004344,XF,XF,,,https://www.nus.org.uk/,
Middlesex University,,,"The Burroughs, London, NW4 4BT",020 8411 5000,www.mdx.ac.uk,10004351,10004351,XF,XF,,,http://www.mdxsu.com/,
Millennium Performing Arts Ltd.,,,"29, Thomas Street, London, SE18 6HU",020 8301 8744,www.md2000.co.uk/,10004365,10007139,XF,XF,,,http://www.worcsu.com,
Morley College Limited,Morley College,,"61, Westminster Bridge Road, London, SE1 7HT",020 7450 1889,www.morleycollege.ac.uk,10004432,10004432,XF,XF,,,https://www.morleycollege.ac.uk/help,
Moulton College,,,"West Street, Moulton, Northampton, NN3 7RR",01604 491131,www.moulton.ac.uk,10004442,10004442,XF,XF,,,https://www.moulton.ac.uk/he/he-learning-support,
Mountview Academy of Theatre Arts Limited,Mountview Academy of Theatre Arts,,"Kingfisher Place Clarendon Road, London, N22 6XF",020 8829 0033,www.mountview.org.uk,10004450,10004450,XF,XF,,,https://www.mountview.org.uk/courses/life-at-mountview/students-union/,
Myerscough College,,,"St. Michaels Road, Bilsborrow, Preston, PR3 0RY",01995 642222,www.myerscough.ac.uk,10004478,10004478,XF,XF,,,https://en-gb.facebook.com/myerscoughstudentunion,
Nazarene Theological College,,,"Dene Road, Didsbury, Manchester, M20 2GU",01614381926 ,www.nazarene.ac.uk,10004538,10004538,XF,XF,,,,
East Lancashire Learning Group,,,"Scotland Road, Nelson, Lancashire, BB9 7YT",01282 440200,www.nelsongroup.ac.uk,10004552,10004552,XF,XF,,,http://www.nelsongroup.ac.uk,
New College Durham,,,"Framwellgate Moor, Durham, DH1 5ES",0191 375 4000,www.newcollegedurham.ac.uk,10004576,10004576,XF,XF,,,http://www.newcollegedurham.ac.uk/the-college/students-union/,
Nottingham College,,,"111 Canal Street, Nottingham, NG1 7HB",01159 100100,www.nottinghamcollege.ac.uk,10004577,10004577,XF,XF,,,https://www.nottinghamcollege.ac.uk/life-at-college/practical-help/student-support,
New College Swindon,,,"New College Drive, Swindon, SN3 1AH",01793 611470,www.newcollege.ac.uk,10004579,10004579,XF,XF,,,https://he.newcollege.ac.uk/students/student-support,
Newbury College,,,"Monks Lane, Newbury, Berkshire, RG14 7TD",01635 845000,www.newbury-college.ac.uk,10004596,10004596,XF,XF,,,http://www.newbury-college.ac.uk/,
Ncg,Newcastle College,Southwark College###Kidderminster College###Newcastle Sixth Form College###West Lancashire College###Carlisle College###Lewisham Southwark College,"Scotswood Road, Newcastle Upon Tyne, NE4 7SA",01912 004000,www.ncgrp.co.uk,10004599,10004599,XF,XF,,,https://www.ncl-coll.ac.uk/student-life/students-union/,
Newham College of Further Education,,,"East Ham Campus, High Street South, London, E6 6ER",020 8257 4000,www.newham.ac.uk,10004607,10004607,XF,XF,,,,
Petroc,,,"Old Sticklepath Hill, Sticklepath, Barnstaple, EX31 2BQ",01271 345291,www.petroc.ac.uk,10004676,10004676,XF,XF,,,https://www.petroc.ac.uk/ucnd/your-degree-experience/,
North East Surrey College of Technology (Nescot),,,"Reigate Road, Epsom, Surrey, KT17 3DS",020 8394 1731,www.nescot.ac.uk,10004686,10004686,XF,XF,,,https://www.nescot.ac.uk/university-level/,
Dn Colleges Group,,,"Chappell Drive, Doncaster, DN1 2RF",01724 294003,www.dncolleges.ac.uk,10004695,10004695,XF,XF,,,https://www.dncolleges.ac.uk/,
North Warwickshire and South Leicestershire College,,,"Hinckley Road, Nuneaton, Warwickshire, CV11 6BH",0330 058 3000,www.nwslc.ac.uk,10004718,10004718,XF,XF,,,https://www.nwslc.ac.uk,
North Kent College,,,"Oakfield Lane, Dartford, DA1 2JT",01322 629400,www.northkent.ac.uk,10004721,10007146,XF,XF,,,,
Northern College of Acupuncture,,,"61 Micklegate, York, YO1 6LJ",01904 343305,www.nca.ac.uk,10004740,10004740,XF,XF,,,,
St Hild College,,,"The Mirfield Centre, Stocks Bank Road, Mirfield, West Yorkshire, WF14 0BW",01924 481925,https://www.sthild.org,10004747,10004747,XF,XF,,,https://sthild.org/testimonials,
City College Norwich,,,"5 Ipswich Road, Norwich, NR2 2LJ",01603 773773,www.ccn.ac.uk,10004772,10004772,XF,XF,,,https://www.ccn.ac.uk/our-college/students-union/,
Norwich University of the Arts,,,"Francis House, 3-7 Redwell Street, Norwich, NR2 4SN",01603 610561,www.nua.ac.uk,10004775,10004775,XF,XF,,,https://www.nuasu.co.uk/,
Nottingham Trent University,,,"Nottingham Trent University, 50 Shakespeare Street, Nottingham, NG1 4FQ",0115 848 5299,www.ntu.ac.uk,10004797,10004797,XF,XF,,,http://www.trentstudents.org,
Oaklands College,,,"Oaklands Campus, Hatfield Road, St. Albans, Hertfordshire, AL4 0JA",01727 737000,www.oaklands.ac.uk,10004835,10004835,XF,XF,,,https://www.oaklands.ac.uk/student-experience/,
Open College of the Arts,,,"Unit 1b, Redbrook Business Park Wilthorpe Road, Barnsley, South Yorkshire, S75 1JN",0800 731 2116,www.oca-uk.com,10004879,10007773,XF,XF,,,http://www.open.ac.uk/ousa/,
Activate Learning,,,"Oxpens Road, Oxford, OX1 1SA",0800 6126008,www.activatelearning.ac.uk,10004927,10004927,XF,XF,,,https://www.activatelearning.ac.uk/news/activities-and-events-for-new-students-at-activate-learning/,
Activate Learning,,,"Oxpens Road, Oxford, OX1 1SA",0800 6126008,www.activatelearning.ac.uk,10004927,10007802,XF,XF,,,https://readingsu.co.uk/,
Oxford Brookes University,,,"Gipsy Lane, Headington, Oxford, OX3 0BP",01865 741111,www.brookes.ac.uk,10004930,10004930,XF,XF,,,https://www.brookesunion.org.uk/,
Salford City College,,,"Pendleton Sixth Form College, Dronfield Road, Salford, M6 7FR",0161 631 5000 ,www.salfordcc.ac.uk,10005032,10005032,XF,XF,,,http://www.salfordcc.ac.uk,
Peter Symonds College,,,"Owens Road, Winchester, Hampshire, SO22 6RX",01962 857500,https://psc.ac.uk/ahed,10005072,10005072,XF,XF,,,https://psc.ac.uk/su,
Plumpton College,,,"Ditchling Road, Plumpton, Lewes, East Sussex, BN7 3AE",01273 890454,www.plumpton.ac.uk,10005124,10005124,XF,XF,,,https://www.plumpton.ac.uk/student-info/student-union/,
Arts University Plymouth,,,"Tavistock Place, Plymouth, PL4 8AT",01752 203434,www.plymouthart.ac.uk,10005127,10005127,XF,XF,,,https://www.aup.ac.uk/student-life/students-union,
City College Plymouth,,,"Kings Road, Plymouth, PL1 5QG",01752 305300,www.cityplym.ac.uk,10005128,10005128,XF,XF,,,https://www.cityplym.ac.uk/student-life/students-union,
Preston College,,,"Fulwood Campus, Fulwood, Preston, PR2 8UR",01772 225000,www.preston.ac.uk,10005200,10005200,XF,XF,,,https://www.preston.ac.uk/support/student-services/,
"Queen Margaret University, Edinburgh",,,"Queen Margaret University Drive, Musselburgh, EH21 6UU",0131 474 0000,www.qmu.ac.uk,10005337,10005337,XH,XH,,,http://qmusu.org.uk/,
Queen's University of Belfast,Queen's University Belfast,,"Vice-Chancellor's Office, University Road, Belfast, BT7 1NN",028 9097 5134,www.qub.ac.uk,10005343,10005343,XG,XG,,,http://www.qubsu.org/,
Rambert School of Ballet and Contemporary Dance,,,"Clifton Lodge, St. Margarets Drive, Twickenham, TW1 1QN",020 8892 9960,www.rambertschool.org.uk,10005378,10005378,XF,XF,,,http://www.nus.org.uk,
Ravensbourne University London,,,"6 Penrose Way, London, SE10 0EW",020 3040 3500,www.rave.ac.uk,10005389,10005389,XF,XF,,,https://www.ravesu.co.uk/,
Reaseheath College,,,"Reaseheath, Nantwich, Cheshire, CW5 6DF",01270 625131,www.reaseheath.ac.uk,10005404,10005404,XF,XF,,,https://ucreaseheath.ac.uk/student-life/,
Arden University Limited,Arden University,,"Arden House, Middlemarch Park, Coventry, CV3 4FJ",024 7651 5700,www.arden.ac.uk,10005451,10005451,XF,XF,,,https://arden.ac.uk/studying-with-us/student-association,
Royal Engineers Vocational Education and Training Trust,REVETT,,"Brompton Barracks, Dock Road, Chatham, Kent, ME4 4UG",01634 822085,www.re-cpd.org.uk,10005455,10007146,XF,XF,,,,
"Richmond, the American international University in London, inc.","Richmond, The American International University in London",,,020 8332 8330,www.richmond.ac.uk,10005470,10005470,XF,XF,,,https://www.Richmond.ac.uk/student-life/clubs-societies/,
Robert Gordon University,,,"Robert Gordon University, Garthdee House, Garthdee Road, Aberdeen, AB10 7QB",01224 262000,www.rgu.ac.uk,10005500,10005500,XH,XH,,,http://www.rguunion.co.uk,
Rose Bruford College of Theatre and Performance,,,"Lamorbey Park Burnt Oak Lane, Sidcup, Kent, DA15 9DF",020 8308 2600,www.bruford.ac.uk,10005523,10005523,XF,XF,,,https://www.bruford.ac.uk/live/student-support/,
Rnn Group,,,"Eastwood Lane, Rotherham, South Yorkshire, S65 1EG",01709 362111,www.rotherham.ac.uk,10005534,10005534,XF,XF,,,http://www.rotherham.ac.uk/HigherEducation,
Royal Academy of Dance,,,"36, Battersea Square, London, SW11 3RA",020 7326 8000,www.rad.org.uk,10005544,10005544,XF,XF,,,https://www.nus.org.uk/about,
The Royal Agricultural University,,,"Stroud Road, Cirencester, Gloucestershire, GL7 6JS",01285 652531 ,www.rau.ac.uk,10005545,10005545,XF,XF,,,https://www.rau.ac.uk/student-life/social/students-union,
Royal Holloway and Bedford New College,"Royal Holloway, University of London",,"Egham Hill, Egham, Surrey, TW20 0EX",01784 434455,www.rhul.ac.uk,10005553,10005553,XF,XF,,,http://www.su.rhul.ac.uk/,
Royal Conservatoire of Scotland,,,"100, Renfrew Street, Glasgow, G2 3DB",0141 332 4101,www.rcs.ac.uk,10005561,10005561,XH,XH,,,https://www.rcsunion.scot/,
Sandwell College,,,"1 Spon Lane, West Bromwich, West Midlands, B70 6AW",01216 675499,www.sandwell.ac.uk,10005669,10007166,XF,XF,,,http://wlv.ac.uk/su,
Sruc,Scotland's Rural College,,"King's Buildings , West Mains Road, Edinburgh, EH9 3JG",0131 535 4000,www.sruc.ac.uk,10005700,10005700,XH,XH,,,https://www.sruc.ac.uk/study-with-us/student-life/students-association/,
Unified Seevic Palmer's College,USP College,,"Runnymede Chase, Benfleet, Essex, SS7 1TW",01268 756111,www.uspcollege.ac.uk ,10005736,10005736,XF,XF,,,https://www.uspcollege.ac.uk/courses-careers/our-courses/higher-education/,
Unified Seevic Palmer's College,USP College,,"Runnymede Chase, Benfleet, Essex, SS7 1TW",01268 756111,www.uspcollege.ac.uk ,10005736,10007147,XF,XF,,,http://hertssu.com,
"Sheffield College, the",,,"Granville Road, Sheffield, S2 2RL",01142 602600,www.sheffcol.ac.uk,10005788,10005788,XF,XF,,,https://www.sheffcol.ac.uk/students-union,
Sheffield Hallam University,,,"City Campus, Howard Street, Sheffield, S1 1WB",01142 255555,www.shu.ac.uk,10005790,10005790,XF,XF,,,https://www.shu.ac.uk/study-here/student-life/your-union,
Shrewsbury College,,,"Priory Road, Shrewsbury, SY1 1RX",01743 342602,www.shrewsbury.ac.uk,10005822,10005822,XF,XF,,,http://www.nus.org.uk/,
Shrewsbury College,,,"Priory Road, Shrewsbury, SY1 1RX",01743 342602,www.shrewsbury.ac.uk,10005822,10006299,XF,XF,,,https://www.staffsunion.com/,
Slough Borough Council,,,"Town Hall, Bath Road, Slough, SL1 3UQ",01753 475111,www.slough.gov.uk,10005916,10006566,XF,XF,,,http://www.uwlsu.com,
Solihull College and University Centre,,,"Blossomfield Road, Solihull, West Midlands, B91 1SB",01216 787000,www.solihull.ac.uk,10005946,10005946,XF,XF,,,http://www.solihull.ac.uk/courses.php?id=uni__level_learner&uid=Student_Services,
Somerset Council,Somerset Council,,"Scil Somerset Centre For Integrated Learning, Broughton House, Blackbrook Park Avenue, Taunton, Somerset, TA1 2PX",03001231967,www.sciltraining.co.uk,10005959,10007139,XF,XF,,,http://www.worcsu.com,
South & City College Birmingham,,,"High Street Deritend, Digbeth, Birmingham, B5 5SU",0121 694 5000,www.sccb.ac.uk,10005967,10005967,XF,XF,,,https://www.nus.org.uk/,
South Devon College,University Centre South Devon,,"Vantage Point, Long Road, Paignton, Devon, TQ4 7EJ",01803 540540,www.southdevon.ac.uk,10005977,10005977,XF,XF,,,https://www.ucsd.ac.uk,
Havant and South Downs College,,,"College Road, Purbrook, Waterlooville, Hampshire, PO7 8AA",023 9279 7979,https://www.hsdc.ac.uk/,10005979,10005979,XF,XF,,,https://www.hsdc.ac.uk/,
South Essex College of Further and Higher Education,,,"Luker Road, Southend-On-Sea, Essex, SS1 1ND",0345 52 12345,www.southessex.ac.uk,10005981,10005981,XF,XF,,,https://www.southessex.ac.uk/he/student-union,
The Trafford and Stockport College Group,,,"Manchester Road, West Timperley, Altrincham, Cheshire, WA14 5PQ",01618 867070,www.trafford.ac.uk,10005998,10005998,XF,XF,,,http://www.trafford.ac.uk,
Tyne Coast College,,,"St. Georges Avenue, South Shields, Tyne And Wear, NE34 6ET",01914 273500,,10005999,10005999,XF,XF,,,https://www.stc.ac.uk/school-leavers/life-on-campus-sl/,
Southampton Solent University,,,"East Park Terrace, Southampton, SO14 0YN",02382013216,www.solent.ac.uk,10006022,10006022,XF,XF,,,https://www.solentsu.co.uk/,
Sparsholt College,,,"Sparsholt, Winchester, Hampshire, SO21 2NF",01962 776441,www.sparsholt.ac.uk,10006050,10006050,XF,XF,,,https://www.nus.org.uk/,
St Helens College,,,"Water Street, St. Helens, Merseyside, WA10 1PP",0800 99 66 99,www.sthelens.ac.uk,10006174,10006174,XF,XF,,,http://www.sthelens.ac.uk,
University of Staffordshire,,,"College Road, Stoke-On-Trent, ST4 2DE",07585 988424   ,www.staffs.ac.uk,10006299,10006299,XF,XF,,,https://www.staffsunion.com/,
The Education Training Collective,,,"Harvard Avenue, Thornaby, Stockton-On-Tees, Cleveland, TS17 6FB",01642 865400,www.the-etc.ac.uk,10006341,10007161,XF,XF,,,http://www.tees-su.org.uk/,
Stoke On Trent College,,,"Cauldon Campus, Stoke Road, Stoke-On-Trent, ST4 2DG",01782 208208,www.stokecoll.ac.uk,10006349,10006299,XF,XF,,,https://www.staffsunion.com/,
Strode College,,,"Church Road, Street, Somerset, BA16 0AB",01458 844400,www.strode-college.ac.uk,10006378,10006378,XF,XF,,,http://www.strode-college.ac.uk/college-info/students-association/what-we-do/,
Suffolk New College,,,"Rope Walk, Ipswich, IP4 1LT",01473 382200,www.suffolk.ac.uk,10006398,10014001,XF,XF,,,http://www.uosunion.org/,
University for the Creative Arts,,,"Falkner Road, Farnham, Surrey, GU9 7DS",01252 722441,www.ucreative.ac.uk,10006427,10006427,XF,XF,,,https://ucasu.com/,
Birmingham Metropolitan College,,,"4 Jennens Road, Birmingham, B4 7PS",01214 464545,,10006442,10006442,XF,XF,,,https://www.bmet.ac.uk/student-experience/extra-curricular/,
Birmingham Metropolitan College,,,"4 Jennens Road, Birmingham, B4 7PS",01214 464545,,10006442,10007139,XF,XF,,,http://www.worcsu.com,
Tameside College,,,"Beaufort Road, Ashton-Under-Lyne, Lancashire, OL6 6NX",01619 086600,www.tameside.ac.uk,10006494,10006494,XF,XF,,,https://he.tameside.ac.uk/student-support1/student-voice1,
Telford College,,,"Haybridge Road, Wellington, Telford, Shropshire, TF1 2NP",01952 642200,,10006549,10006549,XF,XF,,,https://www.telfordcollege.ac.uk,
The University of West London,,,"St. Marys Road, London, W5 5RF",020 8231 2204,www.uwl.ac.uk,10006566,10006566,XF,XF,,,http://www.uwlsu.com,
The Oldham College,Oldham College,,"Rochdale Road, Oldham, OL9 6AA",0161 624 4000,www.oldham.ac.uk,10006770,10006770,XF,XF,,,https://www.oldham.ac.uk/college-life/student-union/,
The University of Birmingham,University of Birmingham,,"Edgbaston, Birmingham, B15 2TT",0121 414 3344,www.birmingham.ac.uk,10006840,10006840,XF,XF,,,https://www.guildofstudents.com,
University of Greater Manchester,,,"Deane Road, Bolton, BL3 5AB",01204 900600,www.bolton.ac.uk,10006841,10006841,XF,XF,,,http://www.boltonsu.com/,
The University of Liverpool,,,"Foundation Building, 765 Brownlow Hill, Liverpool, L69 7ZX",0151 794 2000,https://www.liverpool.ac.uk,10006842,10006842,XF,XF,,,https://www.liverpoolguild.org/,
New City College,,,"112, Poplar High Street, London, E14 0AF",020 7510 7510,www.ncclondon.ac.uk,10006963,10000571,XF,XF,,,http://www.bathspasu.co.uk/,
New City College,,,"112, Poplar High Street, London, E14 0AF",020 7510 7510,www.ncclondon.ac.uk,10006963,10006963,XF,XF,,,https://www.ncclondon.ac.uk/higher-education/support-for-he-students,
Truro and Penwith College,,,"College Road, Truro, TR1 3XX",01872 305000,https://www.truro-penwith.ac.uk/,10007063,10007063,XF,XF,,,https://www.truro-penwith.ac.uk/study-with-us/university-centre/,
University of the Highlands and Islands,,,"12b, Ness Walk, Inverness, IV3 5SQ",01463 279000,www.uhi.ac.uk,10007114,10007114,XH,XH,,,http://www.hisa.uhi.ac.uk,
The University of Chichester,University of Chichester,,"Bishop Otter Campus, College Lane, Chichester, West Sussex, PO19 6PE",01243 816000,www.chi.ac.uk,10007137,10007137,XF,XF,,,http://www.ucsu.org/,
"University of Northampton, the",The University of Northampton,University of Northampton,"University Drive, Northampton, NN1 5PH",01604 735500,https://www.northampton.ac.uk/apprenticeships/,10007138,10007138,XF,XF,,,http://www.northampton.ac.uk/about-us/services-and-facilities/students-union/,
University of Worcester,,,"Henwick Grove, Worcester, WR2 6AJ",01905 855000,www.worc.ac.uk,10007139,10007139,XF,XF,,,http://www.worcsu.com,
Birmingham City University,,,"15 Bartholomew Row, Birmingham, B5 5JU",01213 315000,www.bcu.ac.uk,10007140,10007140,XF,XF,,,https://www.bcusu.com/,
University of Lancashire,,,"Preston, PR1 2HE",01772 201201,www.uclan.ac.uk,10007141,10007141,XF,XF,,,http://www.uclansu.co.uk/,
University of Durham,Durham University,,"Palatine Centre, Stockton Road, Durham, DH1 3LE",0191 334 2000,www.dur.ac.uk,10007143,10007143,XF,XF,,,https://www.durhamsu.com/,
University of East London,The University of East London,The University of East London Higher Education Corporation,"East Building 4, University Way, London, E16 2RD",020 8223 3000,www.uel.ac.uk,10007144,10007144,XF,XF,,,https://www.uelunion.org/,
University of Gloucestershire,,,"The Park, Cheltenham, Gloucestershire, GL50 2RH",01242 714186,www.glos.ac.uk,10007145,10007145,XF,XF,,,https://www.glos.ac.uk/students-union/,
University of Greenwich,,,"30, Park Row, London, SE10 9LS",020 8331 8000 ,https://www.gre.ac.uk/,10007146,10007146,XF,XF,,,,
University of Hertfordshire,University of Hertfordshire,,"College Lane, Hatfield, Hertfordshire, AL10 9AB",01707 284800,www.herts.ac.uk,10007147,10007147,XF,XF,,,http://hertssu.com,
The University of Huddersfield,University of Huddersfield,,"Queensgate, Huddersfield, HD1 3DH",01484 422288,www.hud.ac.uk,10007148,10007148,XF,XF,,,https://www.huddersfieldsu.co.uk/advice,
The University of Hull,University of Hull,,"Cottingham Road, Hull, HU6 7RX",01482 346311 ,www.hull.ac.uk,10007149,10007149,XF,XF,,,https://hullstudent.com/,
The University of Kent,,,"The Registry, Canterbury, Kent, CT2 7NZ",01227 764000,www.kent.ac.uk,10007150,10007150,XF,XF,,,https://kentunion.co.uk/,
University of Lincoln,,,"Campus Way, Lincoln, LN6 7TS",01522 882000,www.lincoln.ac.uk,10007151,10007151,XF,XF,,,https://lincolnsu.com/ADVICE,
University of Bedfordshire,,,"University Square, Luton, LU1 3JU",01234 400400 ,www.beds.ac.uk,10007152,10007152,XF,XF,,,http://www.bedssu.co.uk/,
"University of Nottingham, the",,,"University Park, Nottingham, NG7 2RD",01159 515151,www.nottingham.ac.uk,10007154,10007154,XF,XF,,,http://www.uonsu-success.co.uk/about-us/,
University of Portsmouth,,,"University House, Winston Churchill Avenue, Portsmouth, PO1 2UP",02392 848484,www.port.ac.uk,10007155,10007155,XF,XF,,,https://upsu.net/,
"University of Salford, the",The University of Salford,,"The Crescent, Salford, M5 4WT",01612 955000,www.salford.ac.uk,10007156,10007156,XF,XF,,,https://www.salfordsu.com/,
The University of Sheffield,University of Sheffield,,"Western Bank, Sheffield, S10 2TN",0114 222 2000,www.shef.ac.uk,10007157,10007157,XF,XF,,,http://www.shef.ac.uk/union/index.php,
University of Southampton,,,"University Road, Southampton, SO17 1BJ",023 8059 5000,www.soton.ac.uk,10007158,10007158,XF,XF,,,http://www.susu.org/,
University of Sunderland,,,"Chester Road, Sunderland, SR1 3SD",01915 152000,www.sunderland.ac.uk,10007159,10007159,XF,XF,,,http://www.sunderlandsu.co.uk/,
The University of Surrey,,,"Guildford, Surrey, GU2 7XH",01483 300800,www.surrey.ac.uk,10007160,10007160,XF,XF,,,https://www.ussu.co.uk/,
Teesside University,,,"Teesside University, Middlesbrough, TS1 3BX",01642 218121,www.tees.ac.uk,10007161,10007161,XF,XF,,,http://www.tees-su.org.uk/,
"University of the Arts, London",,,"272 High Holborn, London, WC1V 7EY",020 7514 6000,www.arts.ac.uk,10007162,10007162,XF,XF,,,https://www.arts-su.com/contact,
The University of Warwick,University of Warwick,,"University House, Kirby Corner Road, Coventry, CV4 8UW",024 7652 2630,www.warwick.ac.uk,10007163,10007163,XF,XF,,,https://www.warwicksu.com,
"University of the West of England, Bristol",UWE Bristol,"University of the West of England###UWE, Bristol###University of West of England###UWE","Frenchay Campus, Coldharbour Lane, Bristol, BS16 1QY",01179 656261,www.uwe.ac.uk,10007164,10007164,XF,XF,,,https://www.thestudentsunion.co.uk,
The University of Westminster,,,"309 Regent Street, London, W1B 2HW",020 7911 5000,www.westminster.ac.uk,10007165,10007165,XF,XF,,,http://www.uwsu.com/,
University of Wolverhampton,University of Wolverhampton,,"Wulfruna Street, Wolverhampton, WV1 1LY",01902 321000,www.wlv.ac.uk,10007166,10007166,XF,XF,,,http://wlv.ac.uk/su,
University of York,,,"Heslington, York, YO10 5DD",01904 430000,www.york.ac.uk,10007167,10007167,XF,XF,,,http://www.yusu.org/,
Heart of Yorkshire Education Group,,,"Margaret Street, Wakefield, West Yorkshire, WF1 2DH",01924 789789,www.heartofyorkshire.ac.uk,10007289,10007289,XF,XF,,,https://www.nus.org.uk/en/students-unions/,
Waverley Abbey Trust,Waverley Abbey College,,"Waverley Abbey House, Waverley Lane, Farnham, Surrey, GU9 8EP",01252 784784,www.waverleyabbeycollege.ac.uk,10007361,10007361,XF,XF,,,,
West Herts College,,,"Watford Campus, Hempstead Road, Watford, WD17 3EZ",01923 812000,www.westherts.ac.uk,10007417,10007147,XF,XF,,,http://hertssu.com,
West Herts College,,,"Watford Campus, Hempstead Road, Watford, WD17 3EZ",01923 812000,www.westherts.ac.uk,10007417,10007417,XF,XF,,,https://www.westherts.ac.uk/student-life/higher-education-hub,
West Suffolk College,,,"Out Risbygate, Bury St. Edmunds, Suffolk, IP33 3RL",01284 701301,https://www.wsc.ac.uk,10007431,10007431,XF,XF,,,https://www.universitystudies.wsc.ac.uk/our-partners,
Capital City College Group,Capital City College,"City and Islington College###Westminster Kingsway College###The College of Haringey, Enfield and North East London","Kings Cross Centre, 211 Grays Inn Road, London, WC1X 8RA",0207 802 8366,www.capitalccg.ac.uk,10007455,10006299,XF,XF,,,https://www.staffsunion.com/,
Weston College of Further and Higher Education,University Centre Weston,,"Knightstone Road, Weston-Super-Mare, Avon, BS23 2AL",01934 411411,www.weston.ac.uk,10007459,10007459,XF,XF,,,http://www.ucw.ac.uk/students/get-involved/,
Weymouth and Kingston Maurward College,,,"Cranford Avenue, Weymouth, Dorset, DT4 7LQ",01305 761100,www.weymouth.ac.uk ,10007469,10007469,XF,XF,,,https://www.weymouth.ac.uk/level-of-study/university-level/,
Wigan and Leigh College,,,"Parsons Walk, Wigan, Lancashire, WN1 1RS",01942 761111,www.wigan-leigh.ac.uk,10007500,10007500,XF,XF,,,https://www.wigan-leigh.ac.uk/student-services,
Wiltshire College and University Centre,,,"Cocklebury Road, Chippenham, Wiltshire, SN15 3QD",01225 350035,www.wiltshire.ac.uk,10007527,10000824,XF,XF,,,http://www.subu.org.uk/,
Wiltshire College and University Centre,,,"Cocklebury Road, Chippenham, Wiltshire, SN15 3QD",01225 350035,www.wiltshire.ac.uk,10007527,10007527,XF,XF,,,http://www.wiltshire.ac.uk/studentlife/studentunion/parliament.asp,
Wirral Metropolitan College,,,"Conway Park Campus 10, Europa Boulevard, Birkenhead, Merseyside, CH41 4NT",01515 517777,www.wmc.ac.uk,10007553,10007553,XF,XF,,,https://wmc.ac.uk/student-life/students-union,
City of Wolverhampton College,,,"Paget Road, Wolverhampton, WV6 0DU",01902 836000,www.wolvcoll.ac.uk,10007578,10007578,XF,XF,,,http://www.http://wolvcoll.ac.uk/union/,
Xaverian College,,,"Lower Park Road, Manchester, M14 5RB",0161 224 1781,www.xaverian.ac.uk,10007682,10007798,XF,XF,,,http://manchesterstudentsunion.com/,
Yeovil College,,,"Mudford Road, Yeovil, Somerset, BA21 4DR",01935 423921,www.yeovil.ac.uk,10007696,10007696,XF,XF,,,https://www.yeovil.ac.uk/StudentLife/StudentUnion.html,
York College,,,"Sim Balk Lane, York, YO23 2BB",01904 770200,https://www.yorkcollege.ac.uk/,10007709,10007709,XF,XF,,,https://www.yorkcollege.ac.uk/student-life,
York St John University,,,"Lord Mayors Walk, York, YO31 7EX",01904 624624,www.yorksj.ac.uk,10007713,10007713,XF,XF,,,https://ysjsu.com/support,
Aston University,,,"The Aston Triangle, Birmingham, B4 7ET",01212 043000,www.aston.ac.uk,10007759,10007759,XF,XF,,,https://www.astonsu.com/,
Birkbeck College,"Birkbeck, University of London",,"Birkbeck College, Malet Street, London, WC1E 7HX",020 7631 6000,www.bbk.ac.uk,10007760,10007760,XF,XF,,,http://www.birkbeckunion.org/,
Courtauld Institute of Art,,,"Somerset House, Strand, London, WC2R 0RN",020 7848 2777,www.courtauld.ac.uk,10007761,10007761,XF,XF,,,http://www.courtauldsu.com,
Glasgow Caledonian University,,,"City Campus 70, Cowcaddens Road, Glasgow, G4 0BA",0141 331 3000,www.gcu.ac.uk,10007762,10007762,XH,XH,,,http://www.gcu.ac.uk/kis/studentsassociation,
Heriot-Watt University,,,"Heriot-Watt University, Edinburgh Campus, Edinburgh, EH14 4AS",0131 449 5111,www.hw.ac.uk,10007764,10007764,XH,XH,,,https://www.hwunion.com/,
University of Keele,Keele University,,"Keele, Newcastle, ST5 5BG",01782 732000,www.keele.ac.uk,10007767,10007767,XF,XF,,,http://www.keelesu.com/,
The University of Lancaster,Lancaster University,,"University House, Bailrigg, Lancaster, LA1 4YW",01524 65201,www.lancs.ac.uk,10007768,10007768,XF,XF,,,https://portal.lancaster.ac.uk/ask/students-union/,
Edinburgh Napier University,,,"Craiglockhart Campus 219, Colinton Road, Edinburgh, EH14 1DJ",0845 260 6040 ,www.napier.ac.uk,10007772,10007772,XH,XH,,,https://www.napierstudents.com/,
The Open University,,,"Walton Hall, Milton Keynes, MK7 6AA",0300 303 5303,www.open.ac.uk,10007773,10007773,XF,XF,,,http://www.open.ac.uk/ousa/,
University of Oxford,Oxford University,,"University Offices, Wellington Square, Oxford, OX1 2JD",01865 270000,www.ox.ac.uk,10007774,10007774,XF,XF,,,https://www.oxfordsu.org/,
Queen Mary University of London,,,"327, Mile End Road, London, E1 4NS",020 7882 5555,www.qmul.ac.uk,10007775,10007775,XF,XF,,,http://www.qmsu.org,
Roehampton University,,,"Erasmus House, Roehampton Lane, London, SW15 5PU",020 8392 3000,www.roehampton.ac.uk,10007776,10007776,XF,XF,,,http://www.roehamptonstudent.com/student-support/,
Royal College of Music,,,"Prince Consort Road, London, SW7 2BS",020 7591 4300,www.rcm.ac.uk,10007778,10007778,XF,XF,,,https://www.rcm.ac.uk/life/studentsupport/su/,
The Royal Veterinary College,,,"Royal College Street, London, NW1 0TU",020 7468 5000,www.rvc.ac.uk,10007779,10007779,XF,XF,,,https://www.rvcsu.org.uk/union/,
School of Oriental and African Studies,SOAS University of London,School of Oriental and African Studies,,020 7637 2388,www.soas.ac.uk,10007780,10007780,XF,XF,,,http://soasunion.org/,
University of Aberdeen,,,"Regent Walk, Aberdeen, AB24 3FX",01224 272000,www.abdn.ac.uk,10007783,10007783,XH,XH,,,http://www.ausa.org.uk/,
University College London,UCL,,"Gower Street, London, WC1E 6BT",020 7679 2000,www.ucl.ac.uk,10007784,10007784,XF,XF,,,https://uclu.org/,
The University of Bradford,,,"Richmond Road, Bradford, West Yorkshire, BD7 1DP",01274 233007,www.bradford.ac.uk,10007785,10007785,XF,XF,,,https://www.bradfordunisu.co.uk/,
University of Bristol,,,,0117 928 9000,www.bristol.ac.uk,10007786,10007786,XF,XF,,,http://www.bristolsu.org.uk/,
The University of Buckingham,University of Buckingham,,"Yeomanry House, Hunter Street, Buckingham, MK18 1EG",01280 814080,www.buckingham.ac.uk,10007787,10007787,XF,XF,,,https://su.buckingham.ac.uk/,
University of Cambridge,University of Cambridge,Cambridge University,"The Old Schools, Trinity Lane, Cambridge, CB2 1TN",01223 337733,www.cam.ac.uk,10007788,10007788,XF,XF,,,https://www.cambridgesu.co.uk/,
The University of East Anglia,University of East Anglia,,"Norwich Research Park, Earlham Road, Norwich, NR4 7TJ",01603 456161,www.uea.ac.uk,10007789,10007789,XF,XF,,,https://www.ueasu.org/,
University of Edinburgh,,,"Old College, South Bridge, Edinburgh, EH8 9YL",0131 650 1000,www.ed.ac.uk,10007790,10007790,XH,XH,,,http://www.eusa.ed.ac.uk/,
The University of Essex,,,"Wivenhoe Park, Colchester, CO4 3SQ",01206 873333,www.essex.ac.uk,10007791,10007791,XF,XF,,,https://www.essexstudent.com,
University of Exeter,,,"Northcote House, The Queens Drive, Exeter, EX4 4QJ",01392 661000,https://www.exeter.ac.uk/study/degreeapprenticeships/,10007792,10007792,XF,XF,,,https://www.exeter.ac.uk/study/life/thestudentsunion/,
University of South Wales/Prifysgol De Cymru,,,"Treforest, Pontypridd, Mid Glamorgan, CF37 1DL",01443 828812,www.southwales.ac.uk,10007793,10007793,XI,XI,,,https://www.uswsu.com/,https://www.uswsu.com/
University of Glasgow,,,"University Avenue, Glasgow, G12 8QQ",01413 302000,www.gla.ac.uk,10007794,10007794,XH,XH,,,https://www.gla.ac.uk/myglasgow/studentsrepresentativecouncil/,
The University of Leeds,University of Leeds,,"Woodhouse Lane, Leeds, LS2 9JT",0113 2431751,www.leeds.ac.uk,10007795,10007795,XF,XF,,,https://www.luu.org.uk,
The University of Leicester,University of Leicester,,"University Road, Leicester, LE1 7RH",0116 252 2522,www.le.ac.uk,10007796,10007796,XF,XF,,,http://leicesterunion.com/about,
University of London,,,"Senate House, Malet Street, London, WC1E 7HU",020 7862 8360,www.lon.ac.uk,10007797,10007797,XF,XF,,,https://www.studentcentral.london/,
The University of Manchester,University of Manchester,,"Oxford Road, Manchester, M13 9PL",0161 306 6000,www.manchester.ac.uk,10007798,10007798,XF,XF,,,http://manchesterstudentsunion.com/,
University of Newcastle Upon Tyne,Newcastle University,,"Kings Gate, Claremont Road, Newcastle Upon Tyne, NE1 7RU",01912 086000,www.ncl.ac.uk,10007799,10007799,XF,XF,,,https://www.nusu.co.uk/,
University of the West of Scotland,,,"High Street, Paisley, Renfrewshire, PA1 2BE",01418 483000,www.uws.ac.uk,10007800,10007800,XH,XH,,,https://www.uwsunion.org.uk/,
University of Plymouth,,,"Drake Circus, Plymouth, PL4 8AA",01752 600600,www.plymouth.ac.uk,10007801,10007801,XF,XF,,,http://www.upsu.com/,
The University of Reading,University of Reading,,"Whiteknights House, Whiteknights, Reading, RG6 6UR",0118 987 5123,www.reading.ac.uk,10007802,10007802,XF,XF,,,https://readingsu.co.uk/,
University of St Andrews,,,"College Gate, North Street, St. Andrews, Fife, KY16 9AJ",01334 476161,www.st-andrews.ac.uk,10007803,10007803,XH,XH,,,http://www.st-andrews.ac.uk/study/why/life/students-association/,
University of Stirling,,,"Stirling, FK9 4LA",01786 473171,www.stir.ac.uk,10007804,10007804,XH,XH,,,https://www.stir.ac.uk/student-life/students-union/,
University of Strathclyde,,,"Mccance Building 16, Richmond Street, Glasgow, G1 1XQ",0141 552 4400,www.strath.ac.uk,10007805,10007805,XH,XH,,,https://www.strathunion.com/support/academic/,
University of Sussex,,,"Sussex House, Southern Ring Road, Falmer, Brighton, BN1 9RH",01273 606755,www.sussex.ac.uk,10007806,10007806,XF,XF,,,http://www.sussex.ac.uk/study/ug/studentlife,
University of Ulster,Ulster University,,"Cromore Road, Coleraine, County Londonderry, BT52 1SA",028 7012 3456,www.ulster.ac.uk,10007807,10007807,XG,XG,,,http://www.uusu.org/,
Birmingham Christian College,,,"Hamilton Drive, Selly Oak, Birmingham, B29 6AJ",0121 472 0726,www.bccoll.uk,10007810,10007810,XF,XF,,,https://bccoll.ac.uk/bcc-student-representatives-council/,
Lincoln Bishop University,,,"Longdales Road, Lincoln, LN1 3DY",01522 527347,www.lincolnbishop.ac.uk,10007811,10007811,XF,XF,,,http://www.lbusu.co.uk/,
University of London institute in Paris,,,"Senate House, Malet Street, London, WC1E 7HU",020 7862 8656,www.ulip.london.ac.uk,10007812,10007812,XF,XF,,,https://www.ulipstudentunion.com,
Cardiff University,,,"Main Building, Park Place, Cardiff, CF10 3AT",02920 874000,www.cardiff.ac.uk,10007814,10007814,XI,XI,,,http://www.cardiffstudents.com/,https://www.cardiffstudents.com/
The Royal Central School of Speech and Drama,,,"Embassy Theatre 62-64, Eton Avenue, London, NW3 3HY",020 7722 8183,www.cssd.ac.uk,10007816,10007816,XF,XF,,,https://www.centralsu.com/,
Chichester College Group,,,"Chichester College, Avenue De Chartres, Chichester, West Sussex, PO19 1SB",01243 786321,www.chichester.ac.uk,10007817,10007817,XF,XF,,,https://www.chichester.ac.uk/college-life/student-life/chi-su,
Grwp Llandrillo Menai,Coleg Llandrillo,Coleg Menai###Coleg Meirion-Dwyfor,"Llandudno Road, Rhos On Sea, Colwyn Bay, Clwyd, LL28 4HZ",01492 546666,www.gllm.ac.uk,10007820,10007820,XI,XI,,,https://www.gllm.ac.uk/student-life/student-union,https://www.gllm.ac.uk/cy/student-life/student-union
Edge Hill University,,,"St. Helens Road, Ormskirk, Lancashire, L39 4QP",01695 575171,www.edgehill.ac.uk,10007823,10007823,XF,XF,,,https://www.edgehillsu.org.uk/,
Guildhall School of Music & Drama,,,"Silk Street Barbican, London, EC2Y 8DT",020 7628 2571,www.gsmd.ac.uk,10007825,10007825,XF,XF,,,https://www.gsmd.ac.uk/life-at-the-school/students-union,
Birmingham Newman University,,,"Genners Lane, Birmingham, B32 3NT",01214 761181,www.newman.ac.uk,10007832,10007832,XF,XF,,,http://www.newmansu.org,
Glyndwr University,,,"Glyndwr University, Plas Coch, Mold Road, Wrexham, Clwyd, LL11 2AW",01978 290666,www.glyndwr.ac.uk,10007833,10007833,XI,XI,,,https://www.wrexhamglyndwrsu.org.uk/,https://www.wrexhamglyndwrsu.org.uk/
Glyndwr University,,,"Glyndwr University, Plas Coch, Mold Road, Wrexham, Clwyd, LL11 2AW",01978 290666,www.glyndwr.ac.uk,10007833,10007843,XF,XI,,,http://www.stmaryssu.co.uk/,
Pembrokeshire College,,,"Merlins Bridge, Haverfordwest, Dyfed, SA61 1SZ",01437 753000,www.pembrokeshire.ac.uk,10007834,10007858,XI,XI,,,http://www.tsdsu.co.uk/,http://www.tsdsu.co.uk/
The Royal Academy of Music,,,"Marylebone Road, London, NW1 5HT",020 7873 7373,www.ram.ac.uk,10007835,10007835,XF,XF,,,https://www.ram.ac.uk/student-life/students-union,
Royal Northern College of Music,,,"124, Oxford Road, Manchester, M13 9RD",01619 075200,www.rncm.ac.uk,10007837,10007837,XF,XF,,,https://www.rncm.ac.uk/study-here/students-union/,
Royal Welsh College of Music and Drama Limited,,,"North Road, Cardiff, CF10 3ER",029 2034 2854,www.rwcmd.ac.uk,10007838,10007793,XI,XI,,,https://www.uswsu.com/,https://www.uswsu.com/
Sae Education Limited,SAE Institute Ltd,,"Georgia House, 38 Pall Mall, Liverpool, L3 6AL",,www.sae.edu,10007839,10035638,XF,XF,,,https://www.nus.org.uk,
The University of Cumbria,,,"Fusehill Street, Carlisle, CA1 2HH",0808 178 7373,www.cumbria.ac.uk,10007842,10007842,XF,XF,,,http://www.ucsu.me,
"St Mary's University, Twickenham",,,"Waldegrave Road, Twickenham, TW1 4SX",020 8240 4000,www.stmarys.ac.uk,10007843,10007843,XF,XF,,,http://www.stmaryssu.co.uk/,
University of Chester,,,"Parkgate Road, Chester, CH1 4BJ",01244 511000,www.chester.ac.uk,10007848,10007848,XF,XF,,,http://www.chestersu.com/,
Abertay University,,,"Kydd Building 40, Bell Street, Dundee, DD1 1HG",01382 308000,www.abertay.ac.uk,10007849,10007849,XH,XH,,,https://www.abertaysa.com,
The University of Bath,University of Bath,The University of Bath,"Claverton Down, Bath, BA2 7AY",01225 388 388,www.bath.ac.uk,10007850,10007850,XF,XF,,,http://www.bathstudent.com/,
University of Derby,,,"Kedleston Road, Derby, DE22 1GB",01332 590500,www.derby.ac.uk,10007851,10007851,XF,XF,,,http://www.derbyunion.co.uk/,
University of Dundee,,,"Perth Road, Dundee, DD1 4HN",01382 344000,www.dundee.ac.uk,10007852,10007852,XH,XH,,,https://www.dusa.co.uk/,
Cardiff Metropolitan University,,,"Western Avenue, Cardiff, CF5 2YB",0292 041 6072,www.cardiffmet.ac.uk,10007854,10007854,XI,XI,,,http://www.cardiffmetsu.co.uk/,https://www.cardiffmetsu.co.uk/
Swansea University,,,"Singleton Park, Swansea, West Glamorgan, SA2 8PP",01792 205678,www.swan.ac.uk,10007855,10007855,XI,XI,,,https://www.swansea-union.co.uk/,https://www.swansea-union.co.uk/
Prifysgol Aberystwyth,Aberystwyth University,,"Visualisation Centre, Penglais, Aberystwyth, Dyfed, SY23 3BF",01970622037,www.aber.ac.uk,10007856,10007856,XI,XI,,,http://www.abersu.co.uk/,http://www.umaber.co.uk/
Bangor University,,,"College Road, Bangor, Gwynedd, LL57 2DG",01248 382776,www.bangor.ac.uk,10007857,10007857,XI,XI,,,https://www.undebbangor.com/,https://cy.undebbangor.com/
University of Wales: Trinity Saint David,,,"College Road, Carmarthen, SA31 3EP",01267 676767,www.uwtsd.ac.uk,10007858,10007858,XI,XI,,,http://www.tsdsu.co.uk/,http://www.tsdsu.co.uk/
Warwickshire College,WCG,Warwickshire College Group###WCUC###Warwickshire College and University Centre###WCG Apprenticeships,"Warwick New Road, Royal Leamington Spa, Warwickshire, CV32 5JE",0300 456 0047,https://wcg.ac.uk,10007859,10007859,XF,XF,,,https://wcuc.ac.uk/page/1729/student-life,
Cliff College,,,"Calver, Hope Valley, Derbyshire, S32 3XG",01246 584200,www.cliffcollege.ac.uk,10007912,10007912,XF,XF,,,https://cliffcollege.ac.uk/study/community-life,
South Hampshire College Group,,,"Bishopsfield Road, Fareham, Hampshire, PO14 1NH",01329 815200,www.shcg.ac.uk,10007928,10007928,XF,XF,,,https://www.fareham.ac.uk/higher-education/,
Tec Partnership,,,"Nuns Corner, Laceby Road, Grimsby, DN34 5BQ",01472 311222,https://tecpartnership.com,10007938,10007938,XF,XF,,,https://grimsby.ac.uk/degree-level/student-information-and-support/,
Heart of Worcestershire College,,,"Peakman Campus, Peakman Street, Redditch, B98 8DW",01905 725555,www.howcollege.ac.uk,10007977,10007977,XF,XF,,,http://www.howcollege.ac.uk,
Stranmillis University College,,,"Stranmillis Road, Belfast, BT9 5DY",028 9038 1271,www.stran.ac.uk,10008010,10008010,XG,XG,,,https://www.stran.ac.uk/student-life/students-union/,
Trinity Laban Conservatoire of Music and Dance,,,"King Charles Court, Old Royal Naval College King William Walk, London, SE10 9JF",020 8305 4300,www.trinitylaban.ac.uk,10008017,10008017,XF,XF,,,https://www.trinitylaban.ac.uk/student-life/social-life-tlsu/,
St Mary's University College,,,"191, Falls Road, Belfast, BT12 6FE",028 9032 7678,www.stmarys-belfast.ac.uk,10008026,10008026,XG,XG,,,https://www.stmarys-belfast.ac.uk/college-life/students-union/,
Architectural Association (Incorporated),AA School of Architecture,Architectural Association School of Architecture###AA,"36-37, Bedford Square, London, WC1B 3ES",020 7887 4000,www.aaschool.ac.uk,10008071,10008071,XF,XF,,,,
Bridgend College of Technology,BRIDGEND COLLEGE,,"Cowbridge Road, Bridgend, Mid Glamorgan, CF31 3DF",01656 302302,www.bridgend.ac.uk,10008119,10007793,XI,XI,,,https://www.uswsu.com/,https://www.uswsu.com/
Bridgend College of Technology,BRIDGEND COLLEGE,,"Cowbridge Road, Bridgend, Mid Glamorgan, CF31 3DF",01656 302302,www.bridgend.ac.uk,10008119,10007854,XI,XI,,,http://www.cardiffmetsu.co.uk/,https://www.cardiffmetsu.co.uk/
University College of Estate Management,,,"60, Queens Road, Reading, RG1 4BS",0118 921 4696,www.ucem.ac.uk,10008173,10008173,XF,XF,,,,
London School of Science & Technology Limited,,,"Alperton House, Bridgewater Road, Wembley, Middlesex, HA0 1EH",020 8795 3863,www.lsst.com,10008362,10001883,XF,XF,,,https://www.demontfortsu.com/,
Norland College Limited,Norland College,,"York Place London Road, Bath, BA1 6AE",01225 466202,www.norland.co.uk,10008397,10008397,XF,XF,,,https://www.nus.org.uk/,
Rtc Education Ltd,,,"167, Imperial Drive, Harrow, Middlesex, HA2 7HD",020 8966 9900,www.regentgroup.org.uk,10008455,10006841,XF,XF,,,http://www.boltonsu.com/,
Rtc Education Ltd,,,"167, Imperial Drive, Harrow, Middlesex, HA2 7HD",020 8966 9900,www.regentgroup.org.uk,10008455,10007843,XF,XF,,,http://www.stmaryssu.co.uk/,
Rtc Education Ltd,,,"167, Imperial Drive, Harrow, Middlesex, HA2 7HD",020 8966 9900,www.regentgroup.org.uk,10008455,10008455,XF,XF,,,https://www.rcl.ac.uk/studying-at-regent/student-support/national-union-of-students-nus/,
Coleg Sir Gar,,,"Graig Campus, Sandy Road, Llanelli, Dyfed, SA15 4DN",01554 748000,www.colegsirgar.ac.uk,10008634,10007858,XI,XI,,,http://www.tsdsu.co.uk/,http://www.tsdsu.co.uk/
Falmouth University,,,"The Creative Bridge, Penryn Campus, Penryn, TR10 9FE",01326 211 077,www.falmouth.ac.uk,10008640,10008640,XF,XF,,,http://www.thesu.org.uk,
St. Piran's School (Gb) Limited,LONDON SCHOOL OF COMMERCE,,"Chaucer House, White Hart Yard, London, SE1 1NX",020 7357 0077,www.lsclondon.co.uk,10008653,10014001,XF,XF,,,http://www.uosunion.org/,
Northern School of Contemporary Dance,,,"98, Chapeltown Road, Leeds, LS7 4BH",01132 193000,www.nscd.ac.uk,10008816,10008816,XF,XF,,,https://www.nscd.ac.uk/student-union/,
Coleg Gwent,,,"The Rhadyr, Usk, Gwent, NP15 1XJ",01495 333333,www.coleggwent.ac.uk,10008912,10007793,XI,XI,,,https://www.uswsu.com/,https://www.uswsu.com/
Coleg Gwent,,,"The Rhadyr, Usk, Gwent, NP15 1XJ",01495 333333,www.coleggwent.ac.uk,10008912,10007854,XI,XI,,,http://www.cardiffmetsu.co.uk/,https://www.cardiffmetsu.co.uk/
Coleg Gwent,,,"The Rhadyr, Usk, Gwent, NP15 1XJ",01495 333333,www.coleggwent.ac.uk,10008912,10008912,XI,XI,,,https://www.coleggwent.ac.uk/life-at-coleg-gwent/student-life/students-union,https://www.coleggwent.ac.uk/cy/life-at-coleg-gwent/student-life/students-union
Coleg Y Cymoedd,,,"Unit 1, Heol Yr Odyn Parc Nantgarw, Nantgarw, Cardiff, CF15 7QX",01443 662800,www.morgannwg.ac.uk,10008914,10007793,XI,XI,,,https://www.uswsu.com/,https://www.uswsu.com/
Education for Industry Group,Fashion Retail Academy,,,020 7307 2340,www.fashionretailacademy.ac.uk,10009213,10008640,XF,XF,,,http://www.thesu.org.uk,
Royal Academy of Dramatic Art,,,"62-64, Gower Street, London, WC1E 6ED",020 7636 7076,www.rada.org,10009292,10009292,XF,XF,,,https://www.rada.ac.uk/student-life/,
Istituto Marangoni Limited,,,"30, Fashion Street, London, E1 6PX",020 7377 9347,www.istitutomarangoni.com,10009527,10009527,XF,XF,,,https://www.istitutomarangoni.com/en/schools/london-school-of-fashion-and-design,
Luther King House Educational Trust,,,"Brighton Grove, Manchester, M14 5JP",0161 249 2540,www.lutherkinghouse.org.uk,10009612,10009612,XF,XF,,,https://www.lutherking.ac.uk/community/student-body,
Neath Port Talbot College,Grwp NPTC Group,,"Dwr Y Felin Road, Neath, West Glamorgan, SA10 7RF",01639 648000,www.nptcgroup.ac.uk,10009614,10007854,XI,XI,,,http://www.cardiffmetsu.co.uk/,https://www.cardiffmetsu.co.uk/
Neath Port Talbot College,Grwp NPTC Group,,"Dwr Y Felin Road, Neath, West Glamorgan, SA10 7RF",01639 648000,www.nptcgroup.ac.uk,10009614,10007858,XI,XI,,,http://www.tsdsu.co.uk/,http://www.tsdsu.co.uk/
Neath Port Talbot College,Grwp NPTC Group,,"Dwr Y Felin Road, Neath, West Glamorgan, SA10 7RF",01639 648000,www.nptcgroup.ac.uk,10009614,10009614,XI,XI,,,https://www.nptcgroup.ac.uk/student-zone/student-union/,https://www.nptcgroup.ac.uk/cy/parth-myfyrwr/undeb-y-myfyrwyr/
Inter-Ed Uk Limited,The City College,,"University House 53-55, East Road, London, N1 6AH",020 7253 1133,www.citycollege.ac.uk,10010213,10010213,XF,XF,,,https://citycollege.ac.uk/,
Cambridge Arts & Sciences Limited,Cambridge School of Visual and Performing Arts,,"12, Round Church Street, Cambridge, CB5 8AD",01223 314431,www.csvpa.com,10010308,10010308,XF,XF,,,,
Spirit Ssr Limited,Spirit Studios,,"Spirit Studios, 65-69, Downing Street, Manchester, M1 7JE",0161 276 2100,spiritstudios.ac.uk,10010457,10007141,XF,XF,,,http://www.uclansu.co.uk/,
Midlands Academy of Dance & Drama Limited,Midlands Academy Of Dance And Drama,,"428, Carlton Hill, Carlton, Nottingham, NG4 1JA",0115 911 0401,www.maddcollege.co.uk,10010822,10003010,XF,XF,,,https://www.coventrycollege.ac.uk/student-societies/students-union/,
London Bridge Business Academy Limited,London Bridge Business Academy,,"53 Farringdon Road, London, EC1M 3JB",020 7378 1000,,10013109,10013109,XF,XF,,,https://lbbaglobal.com/student-support,
Institute of Art - London Limited,,,"30, Bedford Square, London, WC1B 3EE",020 7462 3232,,10013220,10013220,XF,XF,,,,
University of Suffolk,University of Suffolk,UCS,"Waterfront Building, 19-21 Neptune Quay, Ipswich, IP4 1QJ",01473 338000,www.uos.ac.uk,10014001,10014001,XF,XF,,,http://www.uosunion.org/,
Uck Limited,The London College,,"680, Bath Road, Hounslow, TW5 9QX",020 7243 4000,www.lcuck.ac.uk,10015506,10015506,XF,XF,,,https://www.nus.org.uk/en/who-we-are/,
David Game College Ltd,,,"31, Jewry Street, London, EC3N 2ET",020 7221 6665,,10015688,10000975,XF,XF,,,http://www.bucksstudentsunion.org/,
David Game College Ltd,,,"31, Jewry Street, London, EC3N 2ET",020 7221 6665,,10015688,10007145,XF,XF,,,https://www.glos.ac.uk/students-union/,
David Game College Ltd,,,"31, Jewry Street, London, EC3N 2ET",020 7221 6665,,10015688,10015688,XF,XF,,,,
Point Blank Limited,Point Blank Music School,,"23-28, Penn Street, London, N1 5DL",020 7729 4884,www.pointblankmusicschool.com,10019178,10019178,XF,XF,,,https://www.pointblankmusicschool.com/quality-and-governance-uk/student-feedback-and-enhancement,
London College of Business Studies,,,"277 Cranbrook Road, Ilford, IG1 4TL",020 8988 3460,www.lcbs.co.uk,10019368,10019368,XF,XF,,,https://londoncbs.ac.uk/student-facilities/,
Commonwealth College of Excellence Ltd,,,"507, Green Lanes, London, N4 1AL",020 8341 7900,,10020038,10020038,XF,XF,,,https://cce.ac.uk,
Higher Rhythm Limited,Higher Rhythm,,"53-57, Nether Hall Road, Doncaster, South Yorkshire, DN1 2PG",01302 327769,www.higherrhythm.co.uk,10020118,10020118,XF,XF,,,,
Assemblies of God Incorporated,,,,01777 817663,www.missiodei.ac.uk,10020416,10020416,XF,XF,,,https://www.nus.org.uk,
Royal School of Needlework(The),,,"Apartment 12a, Hampton Court Palace, East Molesey, Surrey, KT8 9AU",020 3166 6932,www.royal-needlework.org.uk,10020436,10003678,XF,XF,,,https://www.kingstonstudents.net/,
Elim Foursquare Gospel Alliance,Regents Theological College,,"De Walden Road, Malvern, Worcestershire, WR14 4DF",0345 302 6750,www.regents-tc.ac.uk,10021100,10021100,XF,XF,,,http://www.regents-tc.ac.uk/student-support/,
Centre for Alternative Technology Charity Limited,Centre for Alternative Technology,,"Llwyngwern Quarry, Pantperthog, Machynlleth, Powys, SY20 9AZ",01654 705973,www.cat.org.uk,10021550,10021550,XI,XI,,,,
Kaplan Open Learning (Essex) Limited,University of Essex Online,,"Number One, Park Row, Leeds, LS1 5HN",,www.online.essex.ac.uk,10021682,10021682,XF,XF,,,https://www.essexstudent.com/,
Uk College of Business and Computing Ltd,UK College of Business and Computing,,"Wentworth House 350, Eastern Avenue, Ilford, Essex, IG2 6NW",020 8518 4994,,10022021,10006566,XF,XF,,,http://www.uwlsu.com,
Empire College London Limited,,,"16-20, Clements Road, Ilford, Essex, IG1 1BA",020 8553 2683,www.ecl.ac,10022047,10022047,XF,XF,,,https://ecl.ac/student-support-and-welfare/,
Futureworks Training Limited,Futureworks,,"Riverside Building, New Bailey Street, Salford, M3 5FS",01612 144600,futureworks.ac.uk,10022087,10022087,XF,XF,,,https://www.uclansu.co.uk/,
London School of Management Education Limited,London School of Management Education,,"Cambrian House, 509- 511 , Cranbrook Road, Gants Hill, Essex, IG2 6EY",020 8594 8462,www.lsme.ac.uk,10022285,10022285,XF,XF,,,https://lsme.ac.uk/students/student-engagement,
Stratford College London Limited,,,"43, West Ham Lane, London, E15 4PH",020 8519 7362,,10022944,10001143,XF,XF,,,https://ccsu.co.uk/,
Stratford College London Limited,,,"43, West Ham Lane, London, E15 4PH",020 8519 7362,,10022944,10022944,XF,XF,,,https://sclondon.co.uk/src/,
Lte Group,The Manchester College,UCEN Manchester,"Ashton Old Road, Manchester, M11 2WH",03333 222444,www.themanchestercollege.ac.uk,10023139,10023139,XF,XF,,,https://ucenmcr.tmc.ac.uk/life/student-union,
London School of Commerce & It Limited,,,"59-66, Greenfield Road, London, E1 1EJ",07782 138416,www.lsci.org.uk,10023434,10000975,XF,XF,,,http://www.bucksstudentsunion.org/,
The College of Osteopaths,,,"13, Furzehill Road, Borehamwood, Hertfordshire, WD6 2DG",020 8905 1937,www.collegeofosteopaths.ac.uk,10023442,10023442,XF,XF,,,,
The Markfield Institute of Higher Education,,,"Ratby Lane, Markfield, Leicestershire, LE67 9SY",01530 244922,www.mihe.org.uk,10023452,10023452,XF,XF,,,https://www.mihe.ac.uk/study-with-us,
Matrix College of Counselling and Psychotherapy Ltd,,,,01953 797160,www.matrix.ac.uk,10023453,10023453,XF,XF,,,https://matrix.ac.uk/programme-information/,
Moorlands College,,,"Sopley, Christchurch, Dorset, BH23 7AT",01425 674500,www.moorlands.ac.uk,10023454,10023454,XF,XF,,,https://www.moorlands.ac.uk/study-with-us/campus-based/,
Newbold College,,,"St. Marks Road, Binfield, Bracknell, Berkshire, RG42 4AN",01344 407407,,10023456,10023456,XF,XF,,,https://www.newbold.ac.uk/community-life/student-life/,
The Sherwood Psychotherapy Training Institute Limited,The Sherwood Institute,,"2, Castle Quay, Castle Boulevard, Nottingham, NG7 1FW",01159 243994,www.spti.net,10023458,10023458,XF,XF,,,http://www.staffsunion.com/,
Trinity College (Bristol) Limited,Trinity College Bristol,,"Stoke Hill, Bristol, BS9 1JP",0117 968 2803,www.trinity-bris.ac.uk,10023464,10023464,XF,XF,,,https://www.trinitycollegebristol.ac.uk/study/why-trinity/,
South Staffordshire College,,,"Rodbaston Hall, Penkridge, Staffordshire, ST19 5PH",01785 712209,www.southstaffs.ac.uk,10023526,10006299,XF,XF,,,https://www.staffsunion.com/,
South Staffordshire College,,,"Rodbaston Hall, Penkridge, Staffordshire, ST19 5PH",01785 712209,www.southstaffs.ac.uk,10023526,10007166,XF,XF,,,http://wlv.ac.uk/su,
Mont Rose College of Management and Sciences Limited,,,"267, Cranbrook Road, Ilford, Essex, IG1 4TG",020 8556 5009,www.mrcollege.ac.uk,10023777,10000975,XF,XF,,,http://www.bucksstudentsunion.org/,
Mont Rose College of Management and Sciences Limited,,,"267, Cranbrook Road, Ilford, Essex, IG1 4TG",020 8556 5009,www.mrcollege.ac.uk,10023777,10023777,XF,XF,,,http://mrsu.uk/,
Results Consortium Limited,,,"London East-Uk Business Technology Park, Yewtree Avenue, Dagenham , Essex, RM10 7FN",07404 635969,www.resultsco.org.uk,10023871,10003863,XF,XF,,,https://www.leedstrinity.ac.uk/student-life/students-union/,
Results Consortium Limited,,,"London East-Uk Business Technology Park, Yewtree Avenue, Dagenham , Essex, RM10 7FN",07404 635969,www.resultsco.org.uk,10023871,10023871,XF,XF,,,https://www.resultsco.org.uk/support-services,
Central Film School London Ltd,Central Film School London,,"Central Film School , London, SW9 9PH",020 7377 6060 ,www.centralfilmschool.com,10024024,10024024,XF,XF,,,https://centralfilmschool.com/student-council-terms-of-reference/,
Luminate Education Group,,,"Park Lane Campus, Park Lane, Leeds",0113 386 1997,www.leedscitycollege.ac.uk,10024962,10024962,XF,XF,,,http://www.lccsu.co.uk/,
University Centre Quayside Limited,University Centre Quayside (UCQ),,"Newcastle Enterprise Centres Quayside, Albion Row, Newcastle Upon Tyne, NE6 1LL",03300048470,www.ucq.ac.uk,10025197,10025197,XF,XF,,,,
Christ the Redeemer College,,,"23 Village Way East, Harrow, HA2 7LX",020 84294356,www.christredeemer.ac.uk,10026921,10026921,XF,XF,,,https://christredeemer.ac.uk,
Stageworks Productions Limited,International College of Musical Theatre - The ICMT,,"68 Wallis Road, London, E9 5LH",0207 253 3118,,10027603,10027603,XF,XF,,,,
The London School of Jewish Studies,,,"Schaller House 44a, Albert Road, London, NW4 2SJ",020 8203 6427,,10029147,10029147,XF,XF,,,,
Irshad Trust,The Islamic College,,"133, High Road, London, NW10 2SW",07703009435,www.islamic-college.ac.uk,10029682,10029682,XF,XF,,,https://www.islamic-college.ac.uk/,
Waltham International College Limited,,,"Glebe House, Vicarage Road, Barking, IG11 7NR",020 7018 0430,www.walthamintcollege.ac.uk,10029843,10003863,XF,XF,,,https://www.leedstrinity.ac.uk/student-life/students-union/,
Nelson College London Limited,,,"28-42, Olympic House , Clements Road, Ilford, Essex, IG1 1BA",020 8514 0033,www.nelsoncollege.ac.uk,10030129,10030129,XF,XF,,,https://nelsoncollege.ac.uk/student-information/support,
London Churchill College Ltd,London Churchill College,,"Barclay Hall, 156b , Green Street, London, E7 8JQ",020 7377 1077,www.londonchurchillcollege.ac.uk,10030391,10030391,XF,XF,,,https://lcc.ac.uk/student-support/,
Gower College Swansea,,,"Tycoch Road, Sketty, Swansea, SA2 9EB",01792 284000,www.swancoll.ac.uk,10030408,10007793,XI,XI,,,https://www.uswsu.com/,https://www.uswsu.com/
Gower College Swansea,,,"Tycoch Road, Sketty, Swansea, SA2 9EB",01792 284000,www.swancoll.ac.uk,10030408,10007858,XI,XI,,,http://www.tsdsu.co.uk/,http://www.tsdsu.co.uk/
Anglo Skills College Limited,,,"The Hub 40, Friar Lane, Nottingham, NG1 6DQ",0115 948 3339,,10030497,10030497,XF,XF,,,https://www.angloskillscollege.co.uk/student-info/,
St Mellitus College Trust,St Mellitus College,,"24, Collingham Road, London, SW5 0LX",020 7052 0573,www.stmellitus.ac.uk,10030776,10030776,XF,XF,,,https://stmellitus.ac.uk/contact,
Liverpool Media Academy Limited,LMA,,"Lma, Metquarter, 35 Whitechapel, Liverpool, L1 6DA",0151 9099000,www.lma.ac.uk,10031239,10031239,XF,XF,,,,
Academy of Music & Sound Ltd,,,"2, Westview Road, Marldon, Paignton, Devon, TQ3 1NG",01803 299600,www.academyofmusic.ac.uk,10031419,10006566,XF,XF,,,http://www.uwlsu.com,
Bpp University Limited,BPP University,,"Aldine House 142-144, Uxbridge Road, London, W12 8AA",0845 077 5566,www.bppuniversity.ac.uk,10031982,10031982,XF,XF,,,http://www.bppstudents.com,
Amity Global Education Ltd,,,"24, Bedford Square, London, WC1B 3HN",020 7631 0190,www.amitylondon.org.uk,10032036,10032036,XF,XF,,,https://www.amity.ac.uk/student-committee,
The Cambridge theological Federation,,,"2 The Bounds, Lady Margaret Road, Cambridge, CB3 0BJ",01223 760081,www.theofed.cam.ac.uk,10032072,10032072,XF,XF,,,https://www.theofed.cam.ac.uk/student-union/,
The Queen's Foundation for Ecumenical theological Education,,,"Somerset Road, Edgbaston, Birmingham, B15 2QH",0121 454 1527,www.queens.ac.uk,10032282,10032282,XF,XF,,,https://www.queens.ac.uk/community-life/student-involvement/,
The Edward James Foundation Limited,West Dean College,,"West Dean Park, Chichester, West Sussex, PO18 0QZ",01243 811301,www.westdean.org.uk,10032288,10032288,XF,XF,,,https://www.nus.org.uk/,
Emmanuel Theological College,,,"5500 Daresbury Park, Daresbury , Warrington, WA4 4GE",01244 668 571,www.emmanueltheologicalcollege.org.uk,10032295,10032295,XF,XF,,,,
Bodmin College,,,"Lostwithiel Road, Bodmin, Cornwall, PL31 1DD",01208 72114,,10032351,10008640,XF,XF,,,http://www.thesu.org.uk,
London School of Academics Ltd,,,"Marsh Way, Rainham, Essex, RM13 8EU",0800 002 5427,www.londonschoolofacademics.com,10032594,10032594,XF,XF,,,https://www.londonschoolofacademics.com/course.php?course=17,
Court Theatre Training Company Ltd,,,"40, Pitfield Street, London, N1 6EU",020 7739 6868,http://www.courttheatre.org.uk ,10034324,10034324,XF,XF,,,https://www.bucksstudentsunion.org/,
Leeds Conservatoire,,,"3, Quarry Hill, Leeds, LS2 7PD",0113 222 3400,www.lcm.ac.uk,10034449,10034449,XF,XF,,,https://www.leedsconservatoire.ac.uk/student-life/students-union-societies/,
Cardiff and Vale College,,,"Dumballs Road, Cardiff, CF10 5FE",01446 725088,www.cavc.ac.uk,10034450,10006566,XF,XI,,,http://www.uwlsu.com,
Cardiff and Vale College,,,"Dumballs Road, Cardiff, CF10 5FE",01446 725088,www.cavc.ac.uk,10034450,10007854,XI,XI,,,http://www.cardiffmetsu.co.uk/,https://www.cardiffmetsu.co.uk/
Cardiff and Vale College,,,"Dumballs Road, Cardiff, CF10 5FE",01446 725088,www.cavc.ac.uk,10034450,10034450,XI,XI,,,,
Icmp Management Limited,Institute of Contemporary Music Performance,ICMP,"1b, Dyne Road, London, NW6 7XG",020 7328 0222,,10035638,10035638,XF,XF,,,https://www.nus.org.uk,
South Gloucestershire and Stroud College,,,"Stratford Road, Stroud, GL5 4AH",01453 763424,,10036143,10036143,XF,XF,,,https://uni.sgscol.ac.uk,
Academy of Live Technology Ltd,,,"53, Lidgate Crescent, Langthwaite Grange Ind Estate South Kirkby, Pontefract, West Yorkshire, WF9 3NR",01977 659880,,10036456,10036456,XF,XF,,,https://academyoflivetechnology.com/students-union,
Qahe (Ulst) Limited,,,"St. James House 10, Rosebery Avenue, London, EC1R 4TF",020 7656 8490,http://www.qahighereducation.com/university-of-ulster.html,10037353,10007807,XG,XF,,,http://www.uusu.org/,
Cecos Computing International Limited,,,"Cecos House, 2-12 Beaumont Grove, Stepney Green, London, E1 4NQ",020 7359 3316,,10037364,10006299,XF,XF,,,https://www.staffsunion.com/,
University of St Mark & St John,Plymouth Marjon University,,"Derriford Road, Derriford, Plymouth, PL6 8BH",01752 636755,www.marjon.ac.uk,10037449,10037449,XF,XF,,,https://www.marjon.ac.uk/msu/,
Bimm University Limited,BIMM University,BIMM Institute###Institute of Contemporary Theatre###Northern Ballet School###Performers College###Screen & Film School,"2 Bartholomews, Brighton, BN1 1HG",0844 264 6666,www.bimm.ac.uk,10037544,10037544,XF,XF,,,https://www.bimm.ac.uk/student-association/,
Everton Free School & Football College,,,"Roscoe Street, Liverpool, L1 9DW",0151 252 1515,,10037850,10003957,XF,XF,,,http://www.jmsu.co.uk,
The Addict Dance Academy Ltd,,,"Imperial House, St Nicholas Circle, Leicester, Leicestershire, LE1 4HF",0116 319 2490,www.addictdanceacademy.co.uk,10038034,10006566,XF,XF,,,http://www.uwlsu.com,
N D A Foundation,National Design Academy,,"Rufford Hall, Waterside Way, Waterside Way, Nottingham, East Midlands, NG2 4DP",01159123412,www.nda.ac.uk,10038501,10001883,XF,XF,,,https://www.demontfortsu.com/,
British Academy of Jewellery Limited,British Academy of Jewellery,,"Langdales 5, St. Cross Street, London, EC1N 8UA",020 7405 0197,,10038772,10038772,XF,XF,,,https://baj.ac.uk/frequently-asked-questions/,
City and Guilds of London Art School Limited,City and Guilds of London Art School,,"118-124, Kennington Park Road, London, SE11 4DJ",020 7091 1681,www.cityandguildsartschool.ac.uk,10039082,10039082,XF,XF,,,https://www.cityandguildsartschool.ac.uk/about-us/student-life-and-experience-2/,
The University of Law Limited,The University of Law,,"Braboeuf Manor, Portsmouth Road, Guildford, Surrey, GU3 1HA",0800 289 997,www.law.ac.uk,10039956,10039956,XF,XF,,,https://studentsunion.law.ac.uk/,
Birmingham Community Healthcare Nhs Foundation Trust,Birmingham Community NHS Trust,,"Moseley Hall Hospital, Alcester Road, Birmingham, B13 8JL",01214 666438,,10039958,10006840,XF,XF,,,https://www.guildofstudents.com,
Harper Adams University,,,"Edgmond, Newport, Shropshire, TF10 8NB",01952 820280,www.harper-adams.ac.uk,10040812,10040812,XF,XF,,,http://www.harpersu.com,
Coleg Cambria,,,"Grove Park Road, Wrexham , LL12 7AB",03003 030007,www.cambria.ac.uk,10041295,10041295,XI,XI,,,https://www.cambria.ac.uk/our-courses/?search=lp50200&study=,https://www.cambria.ac.uk/our-courses/?search=lp50200&study=
Shockout Arts Ltd,Shockout Arts,,"25, Church Street, Manchester, M4 1PE",0161 833 9937,,10041563,10006841,XF,XF,,,http://www.boltonsu.com/,
Hy Education Limited,Apex College,,"Manor House, First Floor , 224-236 Walworth Road, London, SE17 1JE",02077081888,www.apexcollege.ac.uk,10041898,10041898,XF,XF,,,https://apexcollege.ac.uk/,
Global Banking School Limited,,,"Horsenden House, 891 Greenford Road, Greenford, UB6 0HE",020 7539 3548,,10042500,10004930,XF,XF,,,https://www.brookesunion.org.uk/,
Global Banking School Limited,,,"Horsenden House, 891 Greenford Road, Greenford, UB6 0HE",020 7539 3548,,10042500,10014001,XF,XF,,,http://www.uosunion.org/,
Global Banking School Limited,,,"Horsenden House, 891 Greenford Road, Greenford, UB6 0HE",020 7539 3548,,10042500,10042500,XF,XF,,,,
Aap Education Limited,Escape Studios,,"Escape Studios, 10th Floor, 6 Mitre Passage, London, SE10 0ER",020 3441 1303,www.escapestudios.ac.uk,10042570,10042570,XF,XF,,,https://www.escapestudios.ac.uk/why-escape-studios/student-life/,
International Business College Manchester Limited,International Business College Manchester Ltd,,"55, Mosley Street, Manchester, M2 3HQ",0161 228 3607,www.internationalbusinesscollege.co.uk,10042679,10042679,XF,XF,,,https://www.internationalbusinesscollege.co.uk/,
Uk Business College Ltd,,,"97-99, Park Street, Luton, LU1 3HG",020 8902 9888,,10042737,10042737,XF,XF,,,https://ukbusinesscollege.org/students/,
Uk Curriculum and Accreditation Body (Ukcab),Scholars School System,,"Smithfield House, 24-28 Digbeth, Birmingham, West Midlands, B5 6BS",020 7183 3647,www.scholarsschool.ac.uk,10043146,10003863,XF,XF,,,https://www.leedstrinity.ac.uk/student-life/students-union/,
University Campus of Football Business Limited,,,"National Squash Centre, Rowsley Street, Manchester, M11 3FF",01282 833460,,10043164,10007144,XF,XF,,,https://www.uelunion.org/,
Scl Education & Training Limited,,,"7 Lakeside Business Park, Swan Lane, Sandhurst, Berkshire, GU47 9DN",07968326648,www.wearescl.co.uk ,10043208,10001883,XF,XF,,,https://www.demontfortsu.com/,
Met Film School Limited,,,"Ealing Studios, Ealing Green, London, W5 5EP",020 8832 1924,,10045476,10045476,XF,XF,,,https://www.metfilmschool.ac.uk/student-senate/,
Iron Mill Education Limited,Iron Mill College,,"7, Barnfield Crescent, Exeter, EX1 1QT",01392 219200,www.ironmill.co.uk,10045793,10007139,XF,XF,,,http://www.worcsu.com,
Ballet Theatre Uk Limited,,,"Hillside Bungalow, Leicester Road, Hinckley, LE10 3DR",07944 832524,,10046386,10006566,XF,XF,,,http://www.uwlsu.com,
Elizabeth School of London Limited,,,"7 Whitechapel Road, London, E1 1DU",0207 0590 489,,10047572,10007843,XF,XF,,,http://www.stmaryssu.co.uk/,
Northeastern University - London,Northeastern University London,,"Devon House, 58 St Katherine's Way, London, E1W 1LP",020 3994 4413,www.nulondon.ac.uk,10048199,10048199,XF,XF,,,https://www.nchsu.org/,
Brs Education Limited,The British Racing School,,,01638 665103,,10048409,10080811,XF,XF,,,https://hsu.unioncloud.org/,
London College of Contemporary Arts Ltd,,,"Belmont House, Station Way, Crawley, West Sussex, RH10 1JA",020 3535 1155,,10052868,10006427,XF,XF,,,https://ucasu.com/,
Black Mountain Activities Limited,Black Mountain Activities,,"Outdoor Pursuits Centre, Three Cocks, Brecon, Powys, LD3 0SD",01497 847897,,10055842,10007854,XI,XI,,,http://www.cardiffmetsu.co.uk/,https://www.cardiffmetsu.co.uk/
Numerica Risk Management and Consulting Ltd,The School of Information Risk Management,,"Ilford Chambers, 11 Chapel Road, Ilford, IG1 2DR",020 7078 7029,www.sirm.ac.uk,10057622,10057622,XF,XF,,,,
Whitefield Academy Trust,WHITEFIELD ACADEMY TRUST (Academy Trust),,"Whitefield School, London, E17 4AZ",,,10060725,10007146,XF,XF,,,,
Raindance Educational Services Limited,Raindance,,"10a, Craven Street, London, WC2N 5PE",07957 938888,www.raindance.org,10062833,10062833,XF,XF,,,https://raindance.ac.uk/student-life,
City of Stoke-On-Trent Sixth Form College,,,"Sixth Form College, Leek Road, Stoke-On-Trent, ST4 2RU",01782 848736,,10065146,10006299,XF,XF,,,https://www.staffsunion.com/,
London Brookes College,,,"Burroughs House, 42 The Burroughs, London, NW4 4AP",02082022007,www.londonbrookescollege.co.uk,10065543,10065543,XF,XF,,,https://www.londonbrookescollege.co.uk/higher-education-courses/student-support,
Paris Dauphine International,Universite Paris Dauphine London campus,Dauphine London,"46-52, Pentonville Road, London, N1 9HF",07960360679,,10066143,10066143,XF,XF,,,https://london.dauphine.psl.eu/student-life/student-societies,
Performance Preparation Academy Limited,,,"Deacon Field, Guildford Industrial Estate, Guildford, GU2 8YT",07931 902296,,10066270,10001883,XF,XF,,,https://www.demontfortsu.com/,
The College of Health Ltd,The McTimoney College of Chiropractic,,,07411 183702,,10066502,10066502,XF,XF,,,https://mctimoney-college.ac.uk/apply/information-for-students/,
Lccm Au Uk Limited,London College of Contemporary Music (LCCM),,"Lccm, Music Box, 241 Union Street, Lccm, London, SE1 0LR",020 3535 1080,,10066551,10006427,XF,XF,,,https://ucasu.com/,
Dyson Technical Training Limited,Dyson Institute of Engineering and Technology,,"Tetbury Hill, Malmesbury, SN16 0RP",01285 705228,,10067355,10067355,XF,XF,,,https://www.dysoninstitute.ac.uk/undergraduate/the-experience/student-life/?afd_azwaf_tok=eyJhbGciOiJSUzI1NiJ9.eyJhdWQiOiJ3d3cuZHlzb25pbnN0aXR1dGUuYWMudWsiLCJleHAiOjE3NDc5OTI3NTQsImlhdCI6MTc0Nzk5Mjc0NCwiaXNzIjoidGllcjEtN2I0OWRiYzc2OS10c3RncCIsInN1YiI6IjYy,
New Model Institute for Technology and Engineering,,,"Blackfriars Street, Hereford, HR4 9HS",01432 371 111,,10067406,10067406,XF,XF,,,https://nmite.ac.uk/students-union-and-social-clubs,
Jsa Education Group Ltd.,JCA | London Fashion Academy,,"20 Hanover Square, Mayfair, London, W1S 1JY",0207 1579828,www.jca.ac.uk,10067601,10067601,XF,XF,,,https://jca.ac.uk/academy-experience,
The London Interdisciplinary School Ltd,London Interdisciplinary School,LIS,"20-30 Whitechapel Rd, London, E1 1EW",07720 410243,www.t-lis.org,10067623,10067623,XF,XF,,,https://www.lis.ac.uk/campus/student-life,
University Academy 92 Limited,UA92,,"Brian Statham Way, Old Trafford, Stretford, Manchester, M16 0PU",0161 507 1992,www.ua92.ac.uk,10067648,10007768,XF,XF,,,https://portal.lancaster.ac.uk/ask/students-union/,
Acm Guildford Limited,ACM,,,,,10067853,10067853,XF,XF,,,https://www.acm.ac.uk/student-services/,
University Centre Peterborough,,,"Park Crescent, Peterborough, PE1 4DZ",01223 695 750,,10068157,10068157,XF,XF,,,http://www.peterborough.ac.uk/services-support/student-union/,
Hartpury University,Hartpury University,,"Hartpury House, Hartpury, Gloucester, GL19 3BE",01452 702 100,,10080811,10080811,XF,XF,,,https://hsu.unioncloud.org/,
Uk Management College Ltd,UK Management College (UKMC),,"College House, Stanley Street, Openshaw, Manchester, M11 1LE",01614780015,www.ukmcglobal.com,10081627,10007166,XF,XF,,,http://wlv.ac.uk/su,
Brighton Academy Limited,The Brighton Academy of Performing Arts,,"17 Wayfield Close, Hove, BN3 7RE",,,10082302,10000571,XF,XF,,,http://www.bathspasu.co.uk/,
Momentum Performing Arts Academy Ltd,,,"154, High Street, Bushey, London, WD23 3DH",02039507535,www.momentumpaa.com,10082316,10006566,XF,XF,,,http://www.uwlsu.com,
Ashton Sixth Form College,,,"Darnton Road, Ashton-Under-Lyne, OL6 9RL",0161 330 2330,,10082366,10006299,XF,XF,,,https://www.staffsunion.com/,
The Engineering and Design Institute London,,,,,,10083403,10083403,XF,XF,,,https://www.kclsu.org/,
"Cwsh, Cws & College of Esports Limited",,,"51 Abercrombie Road, London, E20 3AB",07887634604,,10084822,10000163,XF,XF,,,https://www.hsu.ac.uk/student-life/students-union/,
Dancebox Theatre Works,Dancebox Studios & Theatre Works,,,,,10084951,10000975,XF,XF,,,http://www.bucksstudentsunion.org/,
Waterbear Education Ltd,WaterBear - The College of Music,,"Hanover House, 118 Queens Road, Brighton, BN1 3XG",01273 726230,www.waterbear.org.uk,10085293,10008640,XF,XF,,,http://www.thesu.org.uk,
School of Coding Limited,SCHOOL OF CODING,,"Unit 8-8b, Newton Court, Westrand, Pendeford Business Park, Wolverhampton, WV9 5HB",01902 509 209,www.schoolofcodinguk.com,10085459,10007166,XF,XF,,,http://wlv.ac.uk/su,
Skyborne Aviation Training Limited,Skyborne Airline Academy,,"Skypark Flight Centre, Gloucestershire Airport, Cheltenham, Gloucester, GL51 6SR",01452 937020,www.skyborne.com,10085530,10006566,XF,XF,,,http://www.uwlsu.com,
Fourth Monkey Education Limited,,,"97-101, Seven Sisters Road, London, N7 7QP",,,10086107,10008640,XF,XF,,,http://www.thesu.org.uk,
Caspian School of Academics Ltd,Caspian School of Academics,,"Olympic House, 28 - 42 Clements Road, Ilford, IG1 1BA",07960419724,,10086359,10086359,XF,XF,,,https://caspianschool.ac.uk/student-life/,
Regent's University London Limited,Regent's University,,"Regents Park, Inner Circle, London, NW1 4NS",02075976135,,10086591,10086591,XF,XF,,,https://www.regents.ac.uk/information/for-current-students/student-union,
Qahe (Lm) Limited,,,"International House, 1 St. Katharines Way, London, E1W 1UN",020 7656 8450,,10087170,10004048,XF,XF,,,http://www.londonmetsu.org.uk/,
S P Jain London School of Management Limited,,,"16 Great Queen Street, London, WC2B 5AH",02074860111,,10088214,10088214,XF,XF,,,,
Dbs Music Holdings Limited,dBs Music,dBs Sound & Music Institute###dBs Plymouth###dBs Bristol###Deep Blue Sound###dBs Institute,"26 Hulme Street, Manchester, M1 5BW",07963728035,,10088321,10008640,XF,XF,,,http://www.thesu.org.uk,
Lca Education Limited,UoNL,UoB Manchester###UCLan London,"1st Floor, 31 Dover Street, London, W1S 4ND",02074006777,www.lcaeducation.ac.uk,10089266,10006841,XF,XF,,,http://www.boltonsu.com/,
Lca Education Limited,UoNL,UoB Manchester###UCLan London,"1st Floor, 31 Dover Street, London, W1S 4ND",02074006777,www.lcaeducation.ac.uk,10089266,10007141,XF,XF,,,http://www.uclansu.co.uk/,
Representative Body of the Church in Wales,St Padarn's,,"2 Callaghan Square, Cardiff, CF10 5BT",0000000000,,10090767,10090767,XI,XI,,,https://www.stpadarns.ac.uk/en/courses/theology-life/,https://www.stpadarns.ac.uk/cy/courses/theology-life/
Collective Acting Studio Ltd,,,"Flat 11 Apollo Court, 188 High Street, London, E15 2FF",07432438091,,10091065,10091065,XF,XF,,,,
Accent Language Limited,The Language Gallery,,"30 Holborn, London, EC1N 2HS",020 3435 4569,,10091823,10007811,XF,XF,,,http://www.lbusu.co.uk/,
Acmet Uk Ltd,ACMET LONDON COLLEGE,,"36 Grove Road, London, W5 5DS",07444100109,,10092025,10092025,XF,XF,,,,
Manchester Conservatoire of Creative and Performing Arts Limited,,,"Deane Road, Bolton, BL3 5AB",01204 903063,,10093118,10006841,XF,XF,,,http://www.boltonsu.com/,
William College Ltd,,,"Bridge House, 320 High Street, London, E15 1EP",07386679398,,10096528,10000571,XF,XF,,,http://www.bathspasu.co.uk/,
Harper and Keele Veterinary School,,,"Harper Adams University, Working In Collaboration With Keele University, Newport, TF10 8NB",01952 820280,https://www.harperkeelevetschool.ac.uk/,90000451,90000451,XF,XF,,,https://www.harperkeelevetschool.ac.uk/about/428/6-reasons-to-study/,
Medway School of Pharmacy,,,"The Universities Of Greenwich And Kent At Medway, Anson Building, Central Avenue, Chatham Maritime, Chatham, ME4 4TB",01634 202935,https://msp.ac.uk/,99999997,99999997,XF,XF,,,https://www.greenwichsu.co.uk/,
Hull York Medical School,,,"University Of York, Heslington, York, YO10 5DD",01904 321690,www.hyms.ac.uk,99999998,99999998,XF,XF,,,http://www.yusu.org/,
Brighton and Sussex Medical School,,,"Bsms Teaching Building, University Of Sussex, Falmer	, Brighton, BN1 9PX",01273 644644,https://www.bsms.ac.uk/index.aspx,99999999,99999999,XF,XF,,,https://www.bsms.ac.uk/living-here/bsms-medsoc.aspx,
